840.887 , 7239.93
881.021 , 8140.78
830.362 , 7993.91
897.61 , 7889.1
873.518 , 8074.21
860.873 , 7776.33
884.486 , 9265.84
880.13 , 8649.48
841.052 , 7753.1
654.645 , 6429.07
908.883 , 7800.64
880.794 , 8757.62
882.84 , 8733.14
899.515 , 7744.41
864.214 , 8557.27
865.141 , 6986.84
882.812 , 8469.21
860.341 , 7196.75
853.683 , 7828.52
881.262 , 8552.5
874.041 , 7404.52
850.914 , 8230.15
895.424 , 8406.17
852.711 , 6976.54
880.004 , 8356.25
885.137 , 8635.14
882.053 , 8585.33
858.989 , 7048.65
824.584 , 8027.51
835.828 , 6719.47
864.659 , 7857.05
876.848 , 7456.29
846.214 , 7677.91
880.203 , 7279.51
802.609 , 7487.53
883.345 , 8991.22
899.962 , 7710.66
872.729 , 7688.38
859.391 , 7705.1
841.659 , 8086.52
841.953 , 7775.13
901.599 , 7738.53
850.007 , 8447.27
882.22 , 9169.33
867.472 , 8279.22
911.887 , 8083.24
898.605 , 7581.93
876.1 , 8179.94
796.369 , 7576.72
872.501 , 7588.58
872.525 , 8043.84
862.992 , 8246.19
881.747 , 8108.4
849.317 , 7789.16
894.165 , 8341.12
837.158 , 7481.61
860.25 , 7810.07
817.386 , 7961.56
906.996 , 7834.25
890.422 , 7913.85
862.536 , 7509.25
900.441 , 7519.98
835.724 , 8032.2
909.385 , 8325.48
867.466 , 7424.68
854.765 , 7947.8
902.902 , 8631.55
866.389 , 7850.45
867.629 , 7801.61
855.31 , 7606.79
848.455 , 8225.62
829.226 , 8694.9
859.026 , 7676.59
915.487 , 7991.09
862.037 , 7457.51
843.792 , 8581.2
916.607 , 8710.47
874.639 , 8061.82
825.818 , 8414.33
917.045 , 7930.34
838.864 , 7419.89
917.225 , 7898.16
864.926 , 8144.25
884.441 , 6627.08
918.309 , 7888.94
829.408 , 8211.55
898.055 , 8423.74
890.779 , 8362.21
821.669 , 7835.29
870.855 , 7711.25
897.492 , 7377.35
831.829 , 7664.22
888.97 , 9052.72
903.551 , 7894.08
885.27 , 7451.61
819.763 , 7389.16
856.915 , 7574.8
898.049 , 8159.5
912.876 , 8609.15
893.773 , 8214.51
919.903 , 7641.18
903.691 , 8520.73
876.195 , 8632.19
838.106 , 8196.02
924.449 , 8000.36
835.664 , 8070.78
908.07 , 7778.39
852.794 , 8118.99
835.97 , 8089.87
911.879 , 8282.08
905.174 , 7380.73
847.295 , 8269.74
834.774 , 7068.49
874.759 , 8702.9
912.052 , 8968.5
894.139 , 7950.52
914.283 , 7503.57
781.659 , 6562.6
896.773 , 7705.24
897.553 , 7996.24
883.928 , 7657.68
834.23 , 7719.22
863.808 , 8142.97
870.514 , 8136.12
901.403 , 8006.06
893.738 , 8503.62
861.941 , 8151.15
896.57 , 7884.01
858.226 , 7254.79
870.542 , 7788.47
910.777 , 7860.55
884.244 , 8092.24
866.148 , 8616.55
859.148 , 7581.21
865.713 , 7886.12
900.92 , 7556.83
903.889 , 7857.83
913.126 , 8334.02
867.576 , 8336.97
894.036 , 7667
863.811 , 7870.69
885.718 , 7715.1
886.363 , 8246.31
812.449 , 8516.3
885.244 , 7773.24
864.822 , 8122.53
928.167 , 8456.05
898.008 , 8704.39
892.419 , 8780.94
891.853 , 8362.44
875.255 , 7406.31
851.424 , 7806.75
882.749 , 8118.98
890.712 , 7736.07
892.609 , 7751.01
876.068 , 8661.86
860.02 , 8197.08
878.141 , 8176.77
866.196 , 8139.52
910.374 , 7823.92
885.127 , 7368.86
890.866 , 8418.34
897.008 , 8129.31
911.095 , 9119.08
880.277 , 7859.86
848.276 , 7281.14
902.42 , 8210.96
894.365 , 8689.54
884.364 , 7862.92
864.756 , 7752.45
857.937 , 7694.71
851.709 , 8005.37
884.809 , 7923.75
856.156 , 7739.24
866.062 , 8221.94
895.252 , 8122
916.996 , 7978.21
886.046 , 7461.38
874.684 , 8188.49
842.015 , 7713.23
859.091 , 7513.03
899.472 , 8570.93
862.367 , 7441.95
863.731 , 7624.06
837.856 , 7846.18
849.186 , 7601
873.224 , 8079.99
903.056 , 7541.42
885.525 , 7965.39
891.441 , 8492.75
894.707 , 9121.58
855.994 , 8183.15
886.148 , 7547.73
901.77 , 8574.94
926.285 , 7963.87
855.324 , 8195.08
829.77 , 7593.03
931.29 , 8623.88
841.101 , 7674.99
859.384 , 7427.54
876.527 , 8235.52
889.936 , 7417.65
896.664 , 7588.96
873.509 , 8000.01
877.161 , 8681.43
852.807 , 7612.57
846.361 , 7703.37
852.597 , 7724.12
878.323 , 8715.38
887.084 , 9152.51
876.65 , 7703.3
881.424 , 7584.09
830.013 , 7938.62
845.002 , 7712.25
927.609 , 7625.08
883.049 , 8249.27
836.093 , 7811.87
886.348 , 7677.26
886.622 , 7714.24
886.633 , 8811.49
913.732 , 8256.2
845.284 , 8176.18
865.931 , 8076.73
875.919 , 8092.37
883.275 , 8880.23
798.928 , 7666.79
881.376 , 8138.84
824.911 , 8164.99
889.844 , 7814.98
832.549 , 7492.76
889.052 , 7646.59
845.959 , 7652.51
877.383 , 8369.04
854.662 , 7804.39
847.176 , 7755.43
906.739 , 8489.46
898.813 , 7634.31
901.513 , 8111.12
844.516 , 8346.8
905.293 , 8327
888.983 , 7952.46
895.01 , 7504.96
864.954 , 7373.9
890.502 , 8803.04
883.967 , 7398.21
736.412 , 7225.14
838.677 , 7157.1
870.961 , 7359.25
870.127 , 8029.88
854.485 , 7912.68
888.932 , 8664.7
879.696 , 8184.16
918.736 , 8582.61
869.852 , 7811.12
819.168 , 6889.87
838.208 , 8100.36
890.295 , 8391.38
870.022 , 9199.52
914.896 , 8989.72
908.941 , 7940.25
874.055 , 7820.58
866.738 , 7744.99
908.184 , 8429
854.552 , 8387.93
878.813 , 7461.62
858.555 , 8345.27
862.573 , 7232.8
859.537 , 8137.09
879.055 , 8069.63
866.361 , 7829.2
883.467 , 7782.51
844.367 , 7487.11
816.157 , 7257.85
894.7 , 8281.5
895.205 , 8190.77
858.635 , 8177.55
872.229 , 7610.62
881.238 , 7564.44
895.474 , 7783.82
901.265 , 7943.56
900.201 , 8446.37
878.032 , 7681.72
859.092 , 7214.67
835.802 , 8285.83
817.904 , 7805.52
871.992 , 7534.96
842.882 , 7588.28
887.295 , 7517.41
837.899 , 8041.19
883.332 , 8394.96
909.454 , 8259.24
907.667 , 7981.96
893.685 , 8278.95
894.945 , 8016.05
858.661 , 7889.69
880.781 , 7657.61
858.875 , 8252.41
886.843 , 8060.61
858.456 , 7809.47
822.02 , 8192.26
846.102 , 7924.24
911.517 , 8696.26
900.872 , 8506.09
867.23 , 8433.67
851.639 , 7774.04
880.574 , 7947.52
890.159 , 8230.71
881.254 , 8133.47
860.071 , 8348.93
833.536 , 7809.81
837.468 , 7178.14
867.303 , 8624.38
874.844 , 7232.72
888.983 , 7551.04
763.318 , 6640.28
876.449 , 7676.65
880.66 , 8121.56
911.717 , 8291.61
880.074 , 7488.33
877.86 , 7558.51
852.434 , 7901.25
886.17 , 7577.63
863.637 , 7908.45
893.402 , 7444.28
883.766 , 8113.68
857.476 , 7538.86
886.212 , 8240.76
877.3 , 8386.14
893.194 , 8328.62
759.681 , 7814.32
913.577 , 7985.33
884.445 , 7636.66
843.201 , 7579.39
859.813 , 7918.14
845.012 , 7849.11
912.496 , 7329.26
854.273 , 7969.88
898.873 , 7565.81
887.25 , 8046.77
857.266 , 7193.77
890.651 , 8837.73
833.958 , 8273.44
911.026 , 7965.66
852.311 , 7647.63
849.253 , 8053.94
890.136 , 7739.99
896.186 , 8417.61
892.681 , 7929.69
915.982 , 7920.07
813.113 , 7254.9
890.016 , 8089.19
907.52 , 8166.78
912.007 , 8123.07
852.649 , 7391.35
838.122 , 7765.34
890.372 , 7587.38
744.399 , 7128.95
869.584 , 7750.56
840.085 , 7484.1
867.852 , 7996.8
851.65 , 7455.25
891.927 , 8750.71
870.056 , 7242.65
851.773 , 7610.79
866.219 , 7861.91
896.749 , 7493.45
822.911 , 7000.37
883.698 , 7575.59
861.617 , 7407.9
841.68 , 7276.37
887.16 , 8652.04
884.196 , 7668.12
888.83 , 7606.5
896.504 , 7893.37
885.881 , 7502.34
873.743 , 8040.09
876.553 , 7692.01
876.511 , 7920.85
901.993 , 7870.76
891.079 , 8542.3
888.359 , 8517.95
849.636 , 8029.39
862.268 , 8071.25
835.343 , 8201.65
848.292 , 8309.03
912.301 , 8510.06
898.938 , 7688.39
884.935 , 9141.4
899.8 , 8210.6
880.897 , 8305.22
891.934 , 8248.84
870.692 , 7994.89
873.486 , 8607.41
884.105 , 7645.61
838.2 , 7043.63
861.607 , 8448.97
901.539 , 7673.29
849.552 , 8178.4
900.622 , 7989.34
828.067 , 7972.76
886.007 , 7677.05
819.608 , 7553.43
862.881 , 7996.5
907.55 , 8657.92
893.761 , 7543.75
867.722 , 7387.05
788.715 , 7052.28
918.915 , 7737.48
846.584 , 7990.23
862.891 , 8044.66
885.605 , 7621.91
876.084 , 8265.66
873.116 , 8491.87
895.773 , 7365.18
881.169 , 8298.23
885.116 , 7400.61
870.173 , 7958.93
881.314 , 8131.9
859.476 , 7625.04
907.292 , 8294.98
869.144 , 8785.3
858.025 , 8298.75
877.374 , 8085.86
850.013 , 8174.04
870.327 , 8282.25
860.991 , 8034.29
873.545 , 8363.01
857.507 , 7696.75
850.578 , 8521.55
873.299 , 7881.05
903.818 , 8499.1
811.623 , 7382.01
856.953 , 7707.35
903.205 , 8196.13
884.145 , 7951.75
887.23 , 8310.2
875.22 , 8374.73
900.219 , 8061.1
860.598 , 7913.02
883.158 , 8686.06
876.544 , 7758.96
887.651 , 7721.97
867.771 , 7963.76
814.113 , 7007.97
834.466 , 7700.94
823.443 , 7154.23
903.442 , 7619.65
865.309 , 7528.54
797.431 , 6847.09
856.822 , 6784.01
877.379 , 7987.19
856.469 , 8194.19
863.96 , 8445.41
878.081 , 7676.29
877.405 , 7961.25
871.63 , 7150.75
891.629 , 8374.72
831.344 , 8325.18
904.365 , 8641.75
912.768 , 8246.27
881.141 , 8506.15
877.681 , 7808.07
900.222 , 7020.27
861.571 , 7984.33
852.283 , 8325.57
870.485 , 8285.97
888.711 , 8130.18
883.237 , 7877.25
856.595 , 7940.7
835.527 , 7263.02
890.446 , 7984.12
862.013 , 8146.72
878.342 , 8209.94
833.871 , 7464.01
859.328 , 7728.07
852.618 , 8114.26
869.605 , 7973.68
884.898 , 7928.7
886.073 , 7909.92
801.319 , 7412.35
870.209 , 8779.85
859.74 , 7075.07
885.03 , 8958.25
854.166 , 7909.25
877.233 , 8834.73
877.728 , 8433.48
868.805 , 8139.33
859.341 , 8111.16
873.756 , 8177.5
830.907 , 8384.49
892.794 , 7773.58
871.762 , 8395.4
876.325 , 8316.1
850.064 , 7973.45
885.789 , 7679.42
779.89 , 7094.62
927.034 , 7722.67
892.564 , 8191.92
865.918 , 7941.29
856.516 , 7761.46
903.235 , 9034.25
871.898 , 7302.48
864.81 , 7432.09
874.742 , 9225.6
820.134 , 7723.27
884.846 , 8942.99
888.701 , 8288.23
876.259 , 7337.25
883.259 , 8087.92
887.896 , 8274.32
833.297 , 7779.82
844.952 , 6937.52
881.238 , 8613.12
892.522 , 7491.14
881.72 , 7467.43
848.48 , 8802.71
867.88 , 7371.68
847.491 , 7616.44
873.246 , 8694.26
889.404 , 7722.17
796.06 , 7342.23
892.519 , 8453.4
886.871 , 7631.09
890.399 , 7537.12
894.807 , 8796.47
900.209 , 7947.65
837.447 , 7260.4
851.339 , 7464.21
829.126 , 7360.94
895.73 , 7661.49
858.998 , 7520.2
879.591 , 7849.77
932.865 , 7651.07
905.335 , 8102.58
875.533 , 7544.19
829.616 , 7795.87
864.544 , 7457.71
865.904 , 7135.41
854.774 , 8384.44
862.662 , 8374.99
884.772 , 7202.26
860.758 , 8294.13
825.199 , 7728.57
865.206 , 7883.12
848.85 , 7502.34
879.053 , 8584.85
837.974 , 7485.28
871.797 , 7740.39
865.42 , 8398.48
868.561 , 7907.82
904.43 , 8762.04
863.153 , 7352.17
877.609 , 7623.6
869.077 , 8198.18
882.024 , 7676.44
863.946 , 8027.47
820.504 , 7853.44
884.472 , 7382.04
841.514 , 7647.47
913.381 , 7677.82
873.904 , 7942.88
875.931 , 7713.56
859.888 , 7254.56
868.359 , 7638.41
870.321 , 8332.02
867.945 , 7861.25
870.882 , 7827.85
811.685 , 7480.63
862.859 , 7999.59
794.973 , 6733.02
901.147 , 7968.2
896.222 , 7573.87
805.209 , 7988.75
872.881 , 7726.25
849.623 , 8305.05
882.501 , 8040.29
899.377 , 8195.58
890.007 , 7893.56
857.418 , 8343.9
859.72 , 8146.66
859.391 , 8784.75
837.737 , 8142.48
873.001 , 8941.72
895.349 , 7870.75
879.615 , 7649.14
846.962 , 7997.82
894.711 , 8285.04
856.762 , 7587.92
841.768 , 7600.34
836.719 , 7540.8
886.002 , 8368.29
908.651 , 7410.16
848.362 , 7536.04
884.819 , 8830.67
859.544 , 8822.3
848.646 , 7728.11
880.047 , 7727.08
869.302 , 8035.99
827.463 , 7142.36
851.891 , 8086.91
893.792 , 7652.61
831.758 , 8123.69
909.67 , 8413.71
886.121 , 8234.43
873.027 , 7288.97
861.41 , 8128.36
867.909 , 7604.12
852.074 , 7375.39
898.988 , 8271.92
852.249 , 7702.85
903.207 , 8092.16
835.058 , 7279.83
867.232 , 7166.21
898.491 , 8141.26
877.563 , 7847.28
845.683 , 8028.78
889.074 , 8200.4
876.524 , 8349.84
889.867 , 7119.09
836.662 , 8973.68
874.466 , 7211.46
891.405 , 8256.81
866.816 , 7344.35
872.189 , 7199.14
870.571 , 8387.1
890.072 , 7882.75
833.044 , 7207.4
847.036 , 8273.77
885.296 , 8323.21
839.967 , 7462.92
787.355 , 7474.08
888.198 , 8358.59
843.683 , 8528.51
857.371 , 8188.45
879.709 , 7345.42
872.226 , 8280.54
885.7 , 8324.43
880.747 , 8159.08
889.723 , 7896.68
901.719 , 8248.68
895.685 , 8545.89
904.424 , 8232.89
840.583 , 7665
856.981 , 7705.08
869.127 , 7611.37
876.758 , 7972.66
837.977 , 8406.1
890.297 , 7501.68
929.065 , 7780.41
875.521 , 7358.38
869.795 , 8682.75
909.111 , 8551.47
849.462 , 8315.67
886.916 , 8288.83
829.657 , 8826.46
908.781 , 8076.1
797.661 , 7613.64
845.217 , 7958.41
889.485 , 8087.29
875.713 , 8610.51
856.184 , 8605.79
837.565 , 7965.87
842.495 , 8248.03
876.639 , 8102.74
853.349 , 7403.41
885.659 , 7372.3
856.485 , 7734.38
872.142 , 8020.14
895.246 , 8342.34
845.25 , 7763.71
866.995 , 7733.57
853.319 , 7938.08
899.732 , 8407.55
818.08 , 7368.23
859.677 , 7951.27
860.659 , 8152.89
880.417 , 8282.32
876.074 , 8209.11
849.592 , 8313.64
885.545 , 8002.69
866.065 , 7627.92
899.639 , 7201.35
876.249 , 8951.26
841.345 , 7458.22
895.828 , 7986.49
905.531 , 8412.36
839.993 , 8967.41
875.92 , 7311.52
807.793 , 7604.48
879.857 , 7449.53
919.685 , 7402.59
857.766 , 7500.88
914.698 , 8872.79
859.247 , 7818.09
879.19 , 7911.26
853.253 , 7910.83
894.295 , 8099.06
884.586 , 8250.83
884.496 , 8016.7
863.958 , 8656.65
914.535 , 6894.04
866.061 , 8479.4
891.635 , 8080.66
888.786 , 8083.89
856.224 , 7032
879.219 , 8401.38
834.562 , 6900.92
899.882 , 7443.65
885.383 , 7213.43
878.611 , 8504.01
844.69 , 7627.52
917.563 , 8389.49
829.263 , 7375.46
899.987 , 7958.9
896.376 , 7748.41
887.7 , 7554.09
896.704 , 8675.11
919.708 , 8213.46
870.32 , 8313.92
919.612 , 7805.22
863.982 , 8250.31
824.133 , 7239.2
917.382 , 8571.95
890.494 , 7795.77
865.683 , 8687.77
846.394 , 7804.19
891.692 , 7932.74
891.383 , 7728.92
864.965 , 8301.75
925.922 , 7552.83
915.485 , 8008.83
880.039 , 7709.48
868.856 , 7792.79
868.203 , 7643.91
867.781 , 8797.03
883.587 , 7925.34
835.571 , 7846.09
856.009 , 8052.04
840.637 , 7187.63
873.923 , 7855.06
846.19 , 8357.78
887.365 , 7753.4
870.041 , 7793.33
877.161 , 7180.12
847.49 , 7527.32
854.468 , 7878.1
893.17 , 7758.23
895.468 , 7967.51
904.948 , 6607
896.606 , 8024.01
808.174 , 8170.93
901.123 , 7851.3
828.412 , 8081.63
810.312 , 7467.96
863.674 , 7708.3
874.408 , 7995.22
822.01 , 7379.62
846.945 , 8316.65
908.013 , 8399.2
892.761 , 7758.65
861.049 , 7629.33
853.054 , 8047.17
896.384 , 7735.18
880.877 , 7634.13
911.216 , 7689.79
871.822 , 7632.08
868.307 , 8080.14
851.262 , 7776.16
849.22 , 7900.25
856.252 , 8786.65
906.413 , 7707.73
848.899 , 7680.8
862.61 , 7752.67
862.676 , 7740.43
868.946 , 8210.31
888.875 , 7896.77
884.139 , 8324.76
876.67 , 7375.03
890.876 , 8904
837.278 , 7146.75
866.583 , 8300.34
837.947 , 8690.57
896.422 , 7835.67
859.791 , 7802.41
829.135 , 7924.52
883.94 , 7516.15
893.193 , 8055.42
881.274 , 8946.17
826.389 , 6773.99
883.244 , 7980.32
862.624 , 7502.58
844.68 , 7394.71
858.273 , 8045.51
838.632 , 8600.27
809.102 , 6968.24
884.152 , 7931.77
891.573 , 8448.6
892.671 , 7892.84
849.811 , 7964.89
847.687 , 7947.79
898.79 , 7870.04
885.91 , 7862.45
868.557 , 8053.58
925.299 , 7768.6
913.718 , 7800.49
845.636 , 8143.3
890.994 , 8151.97
902.722 , 8100.39
882.968 , 8764.15
888.478 , 7981.72
853.865 , 8437.23
832.9 , 8832.07
890.855 , 8211.31
866.05 , 8802.04
912.334 , 7804.19
834.232 , 7407.01
889.196 , 7925.3
935.745 , 7868.72
895.712 , 8410.66
861.63 , 8415.95
898.68 , 8488.26
866.867 , 8233.59
927.869 , 8371.95
839.091 , 7231.28
861.539 , 7714.46
871.19 , 8044.91
862.333 , 7373.47
789.413 , 7936.67
876.21 , 7756.5
899.043 , 7033.06
883.857 , 8578.07
888.289 , 9022.83
886.446 , 7749.72
883.684 , 7172.38
905.145 , 7786.13
936.27 , 8087.19
894.212 , 8599.46
872.629 , 8446.29
856.986 , 7674.69
845.147 , 7560.38
863.398 , 8626.36
900.419 , 7724.3
898.22 , 7787.06
830.696 , 7603.42
897.254 , 7474.58
850.291 , 8228.24
853.135 , 8047.62
880.609 , 8094.49
863.709 , 8398.05
886.391 , 8241.43
864.603 , 8835.86
869.861 , 7926.83
841.429 , 7623.07
870.571 , 8377.5
878.255 , 8664.27
855.711 , 7771.55
841.971 , 8334.31
855.385 , 7548.97
890.83 , 7711.78
862.357 , 7818.8
869.302 , 7836.67
907.785 , 8129.75
848.436 , 6485.74
860.095 , 7780.23
918.52 , 8229.85
869.414 , 8269.87
898.54 , 8098.13
873.126 , 7933.06
870.41 , 7335.14
801.14 , 7036.76
881.811 , 8256.61
878.765 , 7325.12
884.644 , 9400.52
883.758 , 8643.57
806.572 , 7086.81
911.148 , 8227.56
874.764 , 8003.18
838.371 , 7398.95
875.261 , 7419.1
853.714 , 7691.15
880.439 , 7121.33
847.268 , 8179.26
913.473 , 7591.25
790.069 , 7300.37
900.724 , 8104.5
834.558 , 8030.41
831.668 , 7348.56
909.562 , 7691.08
905.154 , 7531.1
809.377 , 7514.3
844.002 , 7588.9
896.699 , 8059.35
830.73 , 8002.99
836.223 , 7741.56
915.573 , 7332.03
863.206 , 7681.9
827.167 , 6979.45
916.415 , 7092.08
894.43 , 7851.3
863.174 , 7594.15
876.713 , 7783.58
863.066 , 7724.31
868.168 , 7905.7
888.718 , 7992.04
830.838 , 7246.29
867.861 , 7840.56
869.811 , 7131.41
878.716 , 8652.19
881.566 , 8361.88
888.826 , 7346.38
873.228 , 8604.48
877.392 , 7448.82
892.455 , 8660.01
842.019 , 8340.99
882.717 , 8128.19
888.017 , 7785.62
912.506 , 8347.77
888.524 , 8026.7
842.922 , 7988.82
882.802 , 8358.56
885.811 , 9115.43
910.698 , 8148.34
879.162 , 7067.61
848.267 , 8430.22
792.143 , 8002.78
900.475 , 7341.95
892.667 , 7607.91
903.157 , 8166.14
880.778 , 8159.01
873.86 , 8097.83
852.347 , 8598.7
850.028 , 7744.2
898.331 , 7933.82
870.141 , 8245.64
908.464 , 7852.7
860.945 , 7426.12
889.351 , 7580.97
868.322 , 7804.77
895.677 , 8117.19
875.136 , 8133.16
872.894 , 7935.06
846.61 , 7902.13
902.538 , 7955.32
881.455 , 7617.19
903.775 , 8268.82
854.183 , 8796.02
905.381 , 8038.6
834.809 , 8274.53
852.342 , 7574.15
879.947 , 7924.87
856.102 , 6771.32
878.07 , 7621.8
877.944 , 7578.5
889.358 , 8331.14
901.819 , 7845.23
870.553 , 7986.5
866.877 , 8232.04
868.488 , 7644.45
886.808 , 7887.57
911.439 , 7418.12
861.382 , 8183.32
893.922 , 7448.35
855.954 , 8886.5
864.967 , 7510.39
867.072 , 8424.1
858.508 , 7981.77
889.24 , 7651.28
878.399 , 7853.01
873.685 , 7012.8
869.677 , 8231.71
806.208 , 7059.7
876.629 , 7657.08
905.522 , 8404.96
823.263 , 7510.65
904.54 , 7585.73
904.089 , 8068.81
830.289 , 8347.09
874.613 , 8557.48
839.542 , 6652.5
894.943 , 7534.85
874.391 , 7464.88
830.475 , 6824.75
845.999 , 7217.03
882.538 , 8077.81
875.779 , 7902.97
885.685 , 7504.19
940.878 , 7515.96
870.561 , 7475.07
839.463 , 6966.95
890.445 , 8758.05
867.398 , 7429.3
845.917 , 8870.11
879.704 , 7703.41
894.651 , 8769.87
845.011 , 8757.15
911.264 , 9245.68
912.957 , 7967.18
871.983 , 7606.17
874.479 , 7581.73
854.055 , 7804.85
890.878 , 7942.83
885.036 , 8479.41
860.624 , 7641.36
861.661 , 7863.32
821.753 , 7252.67
886.645 , 8740.54
848.178 , 8261.73
890.861 , 8728.04
859.728 , 8713.65
908.322 , 7929.88
886.639 , 8797.44
862.268 , 8649.03
897.493 , 8099.48
872.991 , 7529.49
890.314 , 8363.65
854.397 , 8077.26
882.836 , 7667.97
892.639 , 8216.53
823.435 , 8370.94
878.539 , 8797.84
845.964 , 7816.19
890.211 , 7850.59
904.143 , 7802.9
877.996 , 8658.85
898.148 , 8284.38
842.838 , 8415.81
865.701 , 8942.55
847.11 , 8043.5
858.216 , 8525.51
873.615 , 7545.58
878.198 , 8293.41
891.204 , 7867.76
886.748 , 7499.43
892.943 , 8761.11
821.041 , 7593.91
855.383 , 7856.13
875.532 , 8587.09
887.896 , 8406.66
887.427 , 8148.9
850.587 , 8115.63
913.174 , 8196.24
897.053 , 8930.1
854.626 , 7990.32
846.549 , 7818.85
899.426 , 7786.37
905.558 , 7611.09
860.08 , 7927.24
862.902 , 8391.01
907.062 , 8471.17
887.22 , 7853.53
865.765 , 7239.89
881.19 , 8043.66
884.109 , 8376.63
920.277 , 8527.15
845.846 , 8052.39
885.505 , 8233.42
840.985 , 7916.06
928.373 , 8412.67
870.618 , 8166.46
899.244 , 7163.78
854.478 , 7112.12
815.972 , 8098.37
859 , 8291.91
860.676 , 7720.94
854.049 , 7578.32
908.145 , 8092.85
888.953 , 7699.13
882.788 , 8162.33
903.222 , 7986.92
774.958 , 6626.97
879.735 , 7806.13
881.952 , 7872.91
885.82 , 7891.83
893.609 , 7782.86
884.558 , 8171.01
851.78 , 8235.4
854.47 , 8317.06
888.115 , 7495.76
883.654 , 7334.02
887.157 , 7636.62
887.457 , 7586.98
880.072 , 7623.97
882.513 , 8450.18
829.984 , 7878.22
789.345 , 7560.01
903.424 , 8161.78
862.795 , 6646.37
899.377 , 8127.5
889.258 , 8670.54
870.392 , 7682.74
873.453 , 7830.48
891.928 , 7831.29
858.174 , 7814.85
852.73 , 7092.25
887.36 , 8298.75
857.734 , 7671.82
883.198 , 7667.94
868.04 , 7377.08
836.36 , 7818.65
863.555 , 8026.85
873.976 , 8148.48
781.876 , 8315.56
852.597 , 7677.31
852.229 , 8437.4
900.502 , 8082.16
879.281 , 8035
829.708 , 7085.85
839.907 , 7854.87
876.794 , 7331.42
862.524 , 8463.84
863.491 , 8100.01
908.935 , 8591.24
877.071 , 8374.83
884.206 , 7859.29
880.817 , 7683.84
863.492 , 7661.65
859.358 , 8209.73
875.492 , 7374.02
898.298 , 7906.27
883.033 , 7776.47
858.9 , 6821.89
909.944 , 8685.25
912.324 , 7692.58
902.72 , 8311.8
884.218 , 7665.42
869.706 , 7762.09
858.921 , 7822.24
924.391 , 8462.42
895.285 , 7600.83
882.302 , 7649.88
891.14 , 7918.9
740.72 , 7634.38
865.934 , 8361.09
830.08 , 8103.39
841.4 , 8245.18
896.329 , 8525.23
886.517 , 8325.68
884.457 , 8352.07
903.035 , 7800.87
821.449 , 7244.45
796.27 , 7779.61
854.39 , 8575.83
881.854 , 7797.97
853.699 , 8403.04
806.988 , 8092.65
872.211 , 7070.67
873.03 , 8480.64
777.435 , 8028.44
909.505 , 8420.51
898.198 , 8102.92
869.367 , 8969.94
852.693 , 7862.63
898.559 , 7867.15
888.148 , 8396.47
920.197 , 7633.96
893.339 , 7731.3
807.785 , 7869.33
896.85 , 7974.75
877.261 , 8363.39
849.67 , 7890.56
884.069 , 7732.23
894.745 , 7642.57
900.543 , 7437.88
820.829 , 7115.99
877.631 , 7505.28
864.043 , 8264.75
870.24 , 8117.91
868.182 , 7189.74
902.258 , 8091.13
852.94 , 7845.83
876.536 , 8377.54
901.032 , 8153.64
820.972 , 6876.58
870.431 , 8128.02
865.528 , 6851.15
868.088 , 8752.54
880.187 , 8074
882.254 , 7780.42
896.093 , 8092.13
884.203 , 7727.06
791.015 , 7915.51
898.115 , 7325.7
850.689 , 7695.55
864.401 , 7747.94
888.47 , 7890.74
862.413 , 7770.31
878.988 , 8267.48
906.432 , 8293.52
886.236 , 7791.08
802.846 , 7027.25
847.412 , 7652.53
870.972 , 8008.25
918.079 , 7269.27
881.209 , 7310.58
807.822 , 7285.68
905.392 , 7960.62
866.395 , 7918.64
880.582 , 7275.51
788.945 , 7529.73
877.605 , 8630.73
881.746 , 8198.33
885.353 , 9017.17
897.992 , 8277.39
899.761 , 8551.86
903.141 , 8216
847.203 , 6914.91
874.522 , 8053.37
923.584 , 8307.11
827.896 , 8208
866.023 , 8226.13
858.589 , 7890.84
887.915 , 8569.78
878.566 , 7857.53
838.36 , 7376.5
832.262 , 7070.73
894.164 , 7949.55
852.353 , 7564.89
891.45 , 8640.91
876.559 , 8868.09
900.817 , 8489.97
916.01 , 8437.95
827.925 , 7116.31
904.892 , 7452.49
846.164 , 7515.44
869.102 , 8848.4
858.43 , 8910.91
843.777 , 8293.35
819.72 , 7732.73
887.638 , 7922.96
851.324 , 8274.06
890.834 , 8241.37
796.695 , 6842.89
839.633 , 8907.78
898.181 , 8387.07
889.763 , 8532.39
894.664 , 7992.49
887.021 , 8661.87
905.908 , 8523.08
856.543 , 8211.67
870.355 , 6734.49
854.233 , 7485.06
847.778 , 7609.1
897.242 , 7871.06
881.397 , 8045.48
904.185 , 7850.41
908.965 , 8437.41
843.534 , 7518.38
873.126 , 8660.29
860.441 , 7277.74
884.841 , 8339.38
828.547 , 7312.54
831.061 , 7558.23
858.292 , 7638.01
890.338 , 7636.39
856.265 , 8529.66
893.389 , 7440.06
866.828 , 7887.73
839.167 , 8221.88
886.217 , 8569.89
835.67 , 8264.44
886.983 , 7918.59
881.871 , 8270.58
846.343 , 7481.39
857.451 , 7919.14
772.456 , 7342.5
861.725 , 7633.05
892.82 , 7714.33
873.609 , 7766.84
782.355 , 7401.71
874.83 , 8342.26
864.54 , 7716.38
889.445 , 8116.29
836.075 , 7788.27
872.269 , 7714.92
848.442 , 7244.78
837.739 , 7369.38
861.585 , 8668.58
906.45 , 7939.86
877.302 , 8473.27
870.421 , 8236.93
879.461 , 7572.84
792.766 , 6939.04
843.603 , 8245.26
849.278 , 7279.43
889.68 , 7349.67
878.201 , 8483.43
833.403 , 7232.82
887.456 , 8639.83
837.205 , 8086.92
888.488 , 8201.23
888.483 , 8682.93
873.303 , 8161.67
815.871 , 7679.31
907.048 , 7305.77
871.718 , 8186.43
808.293 , 7063.24
927.97 , 9147.05
842.882 , 7517.51
859.636 , 7838.81
907.11 , 8194.93
905.597 , 8386.88
854.291 , 8183.96
877.738 , 7980.92
862.89 , 8112.14
889.455 , 8225.27
899.991 , 8125.54
885.752 , 7894.56
881.292 , 7801.32
874.33 , 7641.23
865.714 , 7587.96
820.155 , 7544.67
831.725 , 8082.2
856.477 , 8112.03
841.033 , 7612.34
891.998 , 8369.89
869.257 , 8444.16
865.444 , 7127.67
860.244 , 7760.76
840.509 , 8207.21
929.592 , 7686.55
839.184 , 8196.45
893.128 , 7666.57
862.569 , 8504.59
923.803 , 8592.27
874.104 , 8063.58
849.708 , 7897.4
886.551 , 8750.94
875.126 , 7552.1
882.427 , 7587.27
914.935 , 8203.74
830.034 , 8284.64
845.652 , 8105.53
843.071 , 8126.14
887.277 , 7970.49
867.845 , 7718.1
850.202 , 7759.78
874.101 , 8248.24
903.738 , 7561.7
919.155 , 7931.85
800.441 , 7517.74
865.686 , 7538.65
871.534 , 7892.83
833.094 , 7783.67
874.074 , 8124.26
843.295 , 7559.15
818.492 , 7698.45
827.811 , 7356.69
841.257 , 6995.64
860.528 , 7864.89
916.772 , 7528.61
888.217 , 7314.81
930.679 , 8147.56
852.823 , 8552.22
875.276 , 7626.48
812.975 , 8121.61
871.973 , 8893.71
890.911 , 7975.05
868.646 , 7734.53
880.26 , 7200.99
877.548 , 7831.55
825.942 , 8301.51
870.775 , 8143.42
827.365 , 7764.37
897.343 , 7744.94
885.896 , 8366.31
831.519 , 7513.27
900.382 , 8467.89
891.4 , 8179.83
878.521 , 7915.03
880.843 , 7509.23
873.811 , 8258.95
867.77 , 7887.58
876.719 , 8045.33
888.853 , 8327.2
846.948 , 8112.88
873.204 , 8087.62
818.882 , 7292.37
885.439 , 7974.92
881.077 , 7661.7
878.695 , 7869.57
849.916 , 8246.96
899.591 , 7753.16
833.841 , 7639.36
900.898 , 7975.76
900 , 7760.99
899.452 , 8087.73
888.509 , 8640.9
922.844 , 7633.63
885.898 , 7822.51
853.66 , 8422.55
866.867 , 7956.96
844.533 , 7933.04
892.342 , 8103.28
868.587 , 7677.56
925.041 , 8133.11
831.609 , 7714.95
857.2 , 8943.69
836.876 , 7285.85
861.392 , 9229.69
875.496 , 6712.04
881.502 , 8106.84
866.186 , 8990.2
882.385 , 8957.14
871.436 , 7241.19
900.176 , 8319.68
845.395 , 7791.21
859.907 , 9396.32
864.375 , 8502.04
843.042 , 7685.75
892.321 , 7312.07
873.587 , 7981.53
882.534 , 7586.25
854.848 , 7942.84
858.82 , 7653.06
895.291 , 9091.3
887.088 , 8361.28
875.871 , 8936.19
858.597 , 7601.13
881.397 , 8432.2
901.625 , 8209.09
891.535 , 7708.43
873.037 , 7497.23
852.06 , 7435.86
842.955 , 8073.29
850.777 , 7641.66
879.393 , 7660.87
836.439 , 7943.61
847.373 , 8538.82
862.029 , 7773.6
877.126 , 8188.52
901.387 , 7236.72
828.581 , 8321.75
882.304 , 7725.88
907.609 , 8279.57
808.989 , 8279.13
834.025 , 8278.01
809.317 , 7445.49
843.831 , 8037.36
861.195 , 8225.01
862.118 , 7977.9
847.807 , 6906.09
894.33 , 7295.08
828.551 , 8499.33
889.643 , 8287.2
846.433 , 8593.18
826.043 , 7654.95
850.582 , 8017.4
878.141 , 8329.38
884.153 , 7720.98
900.008 , 8485.77
908.867 , 7956.63
873.407 , 8396.04
799.046 , 7228.17
887.488 , 7763.26
847.755 , 8146.89
839.466 , 8139.16
852.25 , 7764.15
860.096 , 8018.52
866.551 , 8593.7
829.428 , 7191.24
863.496 , 8709.49
886.653 , 8306.54
894.997 , 7142.59
864.903 , 7619.02
842.879 , 7878.7
854.449 , 7454.34
835.733 , 7796.56
884.938 , 8589.25
854.21 , 7668.5
860.233 , 7741.48
819.087 , 7496.59
893.351 , 8717
855.245 , 7891.27
893.021 , 7667.67
877.778 , 8380.99
821.87 , 7649.32
855.523 , 7885.71
905.086 , 7462.24
884.807 , 8044.34
826.186 , 7687.04
861.41 , 7613.27
800.947 , 8483.46
922.426 , 7868.08
875.292 , 7538.5
849.395 , 7969.39
868.562 , 7531.24
880.508 , 8121.69
850.707 , 8077.5
900.04 , 7595.23
897.772 , 8310.09
864.308 , 8201.97
911.861 , 7788.61
842.231 , 8840.26
883.371 , 9243.14
919.017 , 8444.37
871.559 , 8062.32
888.146 , 9135.06
883.5 , 8526.9
916.099 , 8572.06
892.389 , 8553.58
867.995 , 7861.77
862.738 , 8652.32
889.402 , 8093.61
865.549 , 7630.13
861.383 , 8478.7
902.519 , 8785.05
916.562 , 9079.86
865.688 , 7558.63
852.463 , 8155.27
862.369 , 7913.98
887.521 , 8978.75
908.837 , 8067.67
902.466 , 7565.67
868.53 , 8243.07
865.058 , 9246.02
858.248 , 7686.56
872.437 , 7332.14
900.167 , 7980.81
883.327 , 8313.58
873.536 , 7972.74
865.151 , 7619.09
863.763 , 8723.79
889.174 , 7920.96
876.074 , 7768.24
897 , 8168.35
838.865 , 7848.11
867.22 , 8090.08
929.599 , 7886.68
850.417 , 8280.95
888.439 , 8866.15
863.989 , 8358.37
892.819 , 8222.05
878.003 , 8820.84
887.779 , 8347.61
818.507 , 7680.5
815.868 , 8108.09
841.938 , 7853.1
844.196 , 8396.57
851.806 , 7568.9
849.024 , 7849.61
908.293 , 8129.04
876.702 , 8445.95
845.794 , 8084.51
860.772 , 7515.82
857.557 , 8042.78
828.19 , 7622.03
894.962 , 7983.34
857.084 , 7824.76
888.122 , 7830.44
876.245 , 8312.8
876.677 , 7987.56
917.374 , 7912.83
865.193 , 8077.35
884.708 , 8644.48
865.205 , 7417.18
843.378 , 7609.58
863.14 , 7370.74
902.658 , 8663.22
862.831 , 7577.55
869.612 , 8002.73
898.94 , 8223.16
860.935 , 8854.13
875.113 , 8426.78
847.966 , 7606.11
846.703 , 7918.74
838.607 , 7580.19
890.967 , 7663.06
830.377 , 7605.54
872.985 , 7915.96
900.096 , 8494.38
852.757 , 7950.19
731.603 , 6670.37
865.311 , 8438.38
883.814 , 7355.77
858.909 , 8454.95
896.9 , 8608.27
884.218 , 9104.51
896.293 , 7398.75
892.117 , 8553.99
899.302 , 8127.64
883.406 , 7553.95
707.156 , 7538.83
858.071 , 8742.66
891.18 , 7871.03
853.46 , 8175.68
827.992 , 7864.29
877.917 , 8585.53
881.636 , 7325.21
802.285 , 7019.4
859.267 , 8167.86
890.834 , 7680.23
868.113 , 8006.09
874.909 , 8255.35
919.324 , 8288.55
863.382 , 8544.27
880.753 , 8843.99
878.164 , 8387.25
857.26 , 7672.7
859.96 , 8586.2
874.729 , 8274.24
881.29 , 7362.19
883.479 , 8349.87
880.335 , 8240.16
819.969 , 8167.92
829.989 , 7751.6
857.973 , 7958.17
857.607 , 8180.59
881.971 , 8327.56
909.815 , 7857.08
898.466 , 8509.03
863.071 , 9143.91
897.153 , 8481.37
898.961 , 8280.18
835.364 , 7966.2
851.435 , 8090.94
912.017 , 7763.33
877.604 , 8785.06
934.535 , 8431.11
908.271 , 7932.95
873.257 , 7782.77
880.573 , 7395.05
896.541 , 7913.97
862.004 , 8552.74
825.473 , 7274
879.641 , 8461.82
860.661 , 7961.72
882.819 , 8287.71
879.778 , 7457.04
908.495 , 8216.57
896.548 , 8000.97
869.303 , 7773.03
881.043 , 7267.41
873.934 , 7505.71
868.299 , 8311.79
899.06 , 8041.59
855.217 , 7655.76
890.28 , 7646.71
869.519 , 8015.1
881.295 , 8534.96
899.287 , 8457.87
853.724 , 7438.39
848.782 , 7480.36
834.007 , 7524.56
883.681 , 7805.94
856.489 , 7969.07
923.921 , 7098.87
840.202 , 7470.97
835.418 , 8044.43
869.814 , 7876.91
874.095 , 8702.39
827.916 , 7790.74
736.538 , 6638.25
836.219 , 8007.48
901.428 , 8316.31
895.874 , 7730.51
885.275 , 8408.09
889.685 , 7960.28
870.1 , 7355.04
848.115 , 8590.56
870.075 , 7912.09
868.352 , 7712.91
831.789 , 7676.43
838.702 , 7997.37
898.913 , 7609.07
913.239 , 7436.64
824.191 , 7678.58
914.67 , 7967.13
857.525 , 8348.99
729.725 , 6138.19
882.987 , 7616.24
886.023 , 8710.75
873.096 , 7476.95
874.144 , 7765.02
918.75 , 9110.06
841.957 , 8589.97
873.182 , 8500.92
840.191 , 7347.14
849.227 , 7439.3
895.036 , 8902.31
880.57 , 7394.09
853.508 , 7331.44
854.483 , 7921.2
799.267 , 7600.67
874.145 , 8172.83
870.202 , 7887.4
884.618 , 8640.51
888.936 , 8265.44
903.583 , 8056.54
884.709 , 8232.92
885.87 , 8439.06
869.566 , 8384.77
912.29 , 7754.66
823.386 , 7806.63
838.366 , 7916.64
833.116 , 7691.32
886.647 , 8273.25
845.983 , 8923.52
863.625 , 8075.09
859.342 , 8241.91
866.064 , 8222.82
869.307 , 7127.92
863.998 , 8007.85
876.455 , 7627.88
876.211 , 8337.77
840.514 , 7244.63
903.727 , 8194.51
876.271 , 8891.47
879.185 , 8183.19
900.58 , 7885.73
880.284 , 8241.47
895.164 , 8201.24
870.071 , 8217.86
867.618 , 8019.11
891.205 , 7439.01
843.652 , 8011.2
904.571 , 8245.91
932.297 , 7635.41
838.095 , 8375.25
846.754 , 8721.76
850.208 , 8265.04
850.284 , 8021.38
858.019 , 6938.55
869.846 , 7394.83
870.109 , 8383.61
871.802 , 8468.02
888.315 , 7589.22
883.741 , 7498.2
862.953 , 8414.52
884.445 , 7819.29
909.379 , 8747.15
842.955 , 7694.48
828.627 , 7450.77
814.592 , 7541.53
862.291 , 8299.98
900.009 , 8314.01
866.328 , 8275.24
918.532 , 6746.33
886.711 , 7635.73
902.626 , 8504.81
800.972 , 7503.64
891.933 , 7931.02
843.545 , 8661.74
893.534 , 8448.42
862.35 , 7627.4
879.25 , 8458
858.176 , 7586.91
844.026 , 7186.4
891.372 , 9077.93
874.78 , 7569.1
895.42 , 8129.81
882.369 , 7844.66
864.734 , 8336.12
875.454 , 7678.71
905.86 , 8168.95
895.671 , 7850.98
832.431 , 7465.9
866.967 , 8158.28
870.286 , 7727.1
742.8 , 8321.66
855.594 , 7347.44
841.871 , 8181.4
893.27 , 7273.71
896.438 , 7737.6
870.7 , 7396.63
842.231 , 7626.94
853.17 , 7463.09
865.541 , 7584.41
872.538 , 7703.76
873.171 , 8313.86
892.216 , 8508.33
873.458 , 8337.53
849.015 , 7822.19
891.529 , 8167.82
832.413 , 7830.9
903.758 , 8502.68
804.835 , 7537.3
908.518 , 8154.64
862.024 , 8345.98
888.919 , 7464.5
858.989 , 8629.91
837.691 , 7297.89
910.677 , 9318.21
846.955 , 8419.66
907.225 , 8020.49
902.196 , 7793.53
821.745 , 7356.58
897.991 , 8455.65
737.768 , 7857.09
855.151 , 7905.36
869.578 , 7649.74
838.534 , 8342.52
858.183 , 8816.7
898.88 , 7795.95
840.832 , 8178.1
793.662 , 7300.03
811.377 , 7075.37
889.434 , 7928.19
869.417 , 8632.45
872.1 , 8544.77
877.961 , 7334.4
885.127 , 8023.04
862.498 , 7313.2
877.701 , 7236.48
890.279 , 8005.83
887.705 , 7930.15
812.156 , 6443.6
861.484 , 7186.78
910.508 , 7678.94
874.181 , 7348.84
888.278 , 8141.02
862.342 , 7672.6
855.479 , 8440.48
893.66 , 7337.13
883.232 , 8342.4
879.215 , 7956.44
850.106 , 8223.19
887.502 , 8381.67
882.928 , 7444.85
821.583 , 7618.74
859.468 , 8078.26
841.979 , 7140.07
867.637 , 8700.55
874.56 , 7189.81
820.291 , 8450.03
874.903 , 8801.15
853.446 , 7568.33
895.765 , 7692.06
885.891 , 7286.83
902.508 , 7906.77
886.837 , 7277.01
886.649 , 7704.55
871.042 , 8031.64
855.341 , 7807.33
879.82 , 7492.81
866.009 , 7380.71
822.912 , 8916.87
886.341 , 8264.12
844.067 , 8063.4
906.602 , 8301.35
887.583 , 7684.01
888.835 , 8611.15
885.281 , 8241.25
867.796 , 7052.19
833.558 , 7809.9
862.183 , 7642.84
889.975 , 7938.02
850.119 , 8059.61
886.687 , 7860.32
820.189 , 7793.16
873.079 , 8160.3
831.578 , 8210.93
868.795 , 7227.48
873.727 , 7877.77
828.32 , 8248.9
914.992 , 8554.83
880.18 , 7898.51
852.581 , 7515.24
885.974 , 8073.87
844.215 , 7414.42
819.739 , 7567.84
844.938 , 8251.31
855.416 , 8302.87
882.211 , 8000.76
861.072 , 7747.19
858.838 , 7679.23
883.143 , 8776.57
832.106 , 7438.78
885.294 , 8098.46
865.419 , 7279.25
837.109 , 7402.52
864.471 , 8331.04
881.254 , 7677.23
870.919 , 8742.58
843.241 , 7954.82
870.738 , 8197.4
870.407 , 6644.67
871.161 , 8279.43
877.333 , 8225.97
850.075 , 7348.72
890.375 , 7642.92
907.432 , 8400.48
889.732 , 8039.27
914.14 , 7637.95
880.273 , 7742.66
893.029 , 7927.48
846.26 , 7820.08
881.22 , 8688.83
909.539 , 7807.53
856.805 , 6858.39
846.576 , 8160.92
836.904 , 7516.03
849.125 , 8941.16
852.326 , 7931.86
885.182 , 8569.7
829.819 , 7460.43
867.382 , 7701.73
868.374 , 7841.83
871.566 , 8868.54
880.756 , 8320.51
883.051 , 8113.58
877.403 , 7645.34
897.751 , 7492.29
888.366 , 7956.64
856.459 , 8112.78
856.837 , 7714.02
883.286 , 8591.18
859.464 , 7337.36
865.23 , 7776.22
885.648 , 7145.99
866.826 , 8581.12
873.017 , 8154.6
862.469 , 7670.13
859.803 , 8211.62
876.467 , 8560.53
902.68 , 8641.45
893.279 , 8509.02
897.716 , 8105.06
845.251 , 7391.66
830.04 , 7803.25
891.844 , 7780.22
875.697 , 7860.39
877.347 , 7677.65
906.89 , 8722.43
826.798 , 8085.74
876.891 , 7642.34
870.289 , 8104.22
870.867 , 7085.66
874.2 , 8385.62
888.403 , 7920.55
882.111 , 7328.44
843.865 , 6942.57
907.479 , 7373.64
883.563 , 8196.69
842.982 , 7681.89
861.975 , 7325.09
908.633 , 7921.65
860.786 , 8375
862.14 , 8416.19
921.821 , 6824.83
892.38 , 8198.79
830.697 , 7480.54
839.753 , 7889.29
882.717 , 8109.89
899.051 , 8018.32
902.991 , 9005.52
914.796 , 7620.23
829.298 , 8598.25
843.309 , 8556.58
872.714 , 7391.84
850.936 , 7423.32
867.302 , 7622.01
845.699 , 8157.25
861.139 , 7561.05
894.235 , 7862.06
876.231 , 8181.29
867.344 , 7452.47
859.713 , 8122.74
894.419 , 7771.19
840.445 , 7464.27
846.276 , 7486.78
901.925 , 7422.35
856.876 , 7410.79
845.892 , 7857.88
890.607 , 7748.66
840.671 , 7889.82
878.704 , 8138.89
876.495 , 8415.28
897.41 , 7399.58
782.812 , 7668.37
880.391 , 8206.68
901.889 , 8086.78
918.329 , 8569.36
833.802 , 7749.9
888.28 , 8447.03
865.156 , 8492.94
919.379 , 8730.77
863.835 , 8416.3
848.13 , 8278.62
892.966 , 8204.31
873.834 , 8293.19
847.131 , 7980.95
833.723 , 7798
858.805 , 7574.71
865.982 , 7156.72
873.043 , 7647.15
890.737 , 8194.5
894.569 , 8218.83
839.789 , 7459.13
881.52 , 7469.23
855.5 , 7886.35
841.326 , 7581.32
895.745 , 7980.38
829.526 , 7080.95
880.447 , 8418.98
871.791 , 7795.19
850.609 , 8622.23
897.121 , 7674.76
832.026 , 8567.17
899.229 , 7797.88
877.159 , 7623.4
865.885 , 8211.29
835.969 , 8471.43
895.28 , 7489.45
891.789 , 8901.65
859.318 , 7946.4
916.334 , 8538.84
892.989 , 8449.86
838.327 , 7784.51
852.622 , 7497.42
890.496 , 7895.38
813.262 , 7502.91
843.937 , 7425
882.311 , 8060.87
920.371 , 8332.74
893.502 , 7904.63
865.949 , 9143.03
888.357 , 7991.68
879.336 , 7783.59
879.637 , 7769.22
797.919 , 7382.05
893.109 , 8534.87
921.573 , 8700.51
900.725 , 8134.86
887.08 , 8776.33
864.556 , 8160.3
884.635 , 8226.71
883.236 , 7492.52
880.563 , 8284.07
881.898 , 7598.28
900.521 , 8116.93
859.346 , 8398.29
937.111 , 8716.93
845.285 , 7880.81
864.674 , 8219.54
852.698 , 7445.45
822.84 , 6932.08
829.421 , 7350.74
853.573 , 7716.21
840.377 , 7270.14
813.778 , 7180.17
913.133 , 7524.38
899.007 , 7435.52
911.954 , 7334.4
859.809 , 7789.06
867.658 , 9013.65
856.928 , 8188
873.617 , 7229.56
897.379 , 7981.83
875.837 , 7703.68
845.846 , 7457.82
844.705 , 7794.45
868.038 , 7715.24
865.615 , 7255.27
793.148 , 7525.79
875.8 , 8161.68
877.038 , 7787.96
872.667 , 9005.05
853.864 , 8166.41
808.15 , 7536.86
847.797 , 7710.62
873.524 , 7103.92
846.551 , 8773.03
883.998 , 9009.39
869.399 , 8390.17
877.27 , 9068.06
880.421 , 7922.78
870.284 , 8390.69
888.526 , 8605.78
917.383 , 8066.25
899.726 , 7614.09
819.499 , 7958.04
895.302 , 7946.97
867.431 , 8208.79
875.249 , 7270.46
908.25 , 7279.1
895.103 , 8182.74
857.314 , 7899.25
871.727 , 7058.93
849.713 , 8168.22
868.016 , 8422.71
815.901 , 7909.46
887.899 , 8288.37
859.761 , 8718.14
864.248 , 8246.14
853.093 , 7166.85
871.251 , 8537.98
876.671 , 7803.5
874.235 , 7774.2
833.928 , 7895.3
876.331 , 7869.09
886.279 , 7352.81
882.214 , 7716.31
866.802 , 7647.94
873.393 , 7375.3
844.131 , 7337.47
883.368 , 8728.05
889.894 , 7708.92
829.402 , 8318.86
832.676 , 8161.25
852.652 , 7984.74
893.296 , 7373.44
844.733 , 8025.3
852.524 , 7300.84
890.861 , 7727.61
894.893 , 8532.89
787.662 , 7267.01
846.804 , 7358.86
873.286 , 7643.73
833.754 , 7943.48
884.577 , 7871.56
851.821 , 8692.21
892.075 , 7740.84
846.712 , 7614.05
891.033 , 8067.17
871.853 , 8068.85
867.737 , 7709.36
887.76 , 8114.19
868.579 , 7932.21
882.729 , 9088.14
919.721 , 8352.25
906.401 , 8605.38
825.459 , 7620.56
875.035 , 8537.69
862.121 , 7991.54
885.803 , 8556.91
857.8 , 8228.01
878.781 , 7593.25
886.874 , 8051.36
863.949 , 7434.12
889.116 , 8314.49
874.469 , 7035.99
906.576 , 8474.78
900.37 , 9011.44
890.71 , 8599.9
877.341 , 7327.63
868.018 , 8438.5
905.331 , 7837.69
867.97 , 7545.88
876.099 , 7936.63
845.33 , 7498.06
908.026 , 8234.06
913.745 , 7924.95
885.411 , 8129.16
877.714 , 8222.15
875.092 , 8999.21
891.788 , 7988.25
874.148 , 7097.8
883.498 , 8218.99
873.705 , 8568.7
851.941 , 8245.71
869.527 , 7711.1
856.714 , 7837.7
873.877 , 7249.72
873.65 , 7352.59
878.645 , 8534.93
914.584 , 7968.73
897.158 , 7987.7
882.672 , 7638.44
856.168 , 7759.23
893.053 , 8124.45
872.653 , 7449.11
880.855 , 8298.36
880.795 , 8305.91
870.102 , 8408.15
869.702 , 8245.43
897.61 , 8067.14
851.469 , 7635.26
835.763 , 7787.83
870.45 , 7464.76
869.789 , 7721.99
822.277 , 7286.43
904.276 , 7582.27
881.063 , 8204.88
808.244 , 7391.09
855.848 , 7233.88
809.467 , 7438.75
873.321 , 8186.22
801.611 , 7059.08
902.544 , 8119.86
824.162 , 7252.06
891.608 , 7938.25
899.888 , 8249.72
834.902 , 7565.21
902.261 , 7940.53
847.375 , 7931.64
890.175 , 7997.58
875.118 , 8117.03
812.288 , 7339.04
865.55 , 7695.6
886.739 , 7288.43
894.728 , 7601.75
839.282 , 7196.14
831.994 , 8338.44
865.255 , 8218.95
870.925 , 8200.46
893.716 , 8349.16
928.607 , 8112.65
865.587 , 8230.88
867.569 , 8015.61
850.2 , 7566.13
840.498 , 7657.67
846.271 , 8886.8
913.085 , 8287.66
871.82 , 8002.97
886.237 , 8499.88
848.519 , 8152.16
897.967 , 8580.94
891.119 , 8346.49
862.3 , 7078.23
882.027 , 7641.82
883.674 , 7072.79
901.474 , 8618.58
877.184 , 8417.82
795.826 , 7527.54
918.46 , 8920.73
853.164 , 8443.28
883.853 , 7950.76
869.465 , 7676.61
890.347 , 8265.71
863.49 , 8083.97
875.958 , 7833.27
847.251 , 7720.57
854.58 , 8427.77
902.954 , 9427.09
888.599 , 9060.29
851.984 , 7339.4
830.394 , 8544.41
885.34 , 8426.35
904.004 , 7537.39
856.297 , 7343.95
864.983 , 8794.48
850.579 , 8347.47
856.453 , 7984.99
848.899 , 7826.73
857.111 , 8397.46
821.72 , 8105.84
874.196 , 7631.81
871.056 , 8627.58
870.017 , 7836.04
875.383 , 8446.36
865.436 , 8373.84
833.46 , 8536.91
880.268 , 8185.78
871.936 , 8738.8
907.76 , 7113.09
846.21 , 8093.75
895.659 , 8770.91
829.853 , 7771.72
919.463 , 8730.14
929.621 , 7687.9
855.645 , 7757.77
880.87 , 8169.24
851.55 , 8350.32
894.961 , 7918.68
857.146 , 8201.28
891.318 , 7972.4
899.175 , 7727.66
877.777 , 8163.86
907.253 , 8546.76
881.632 , 7512.56
818.106 , 8142.86
883.799 , 8211.68
907.958 , 7443.76
885.998 , 8459.54
888.998 , 9223.26
890.215 , 8570.81
874.978 , 7800.89
813.322 , 7936.81
876.964 , 7953.7
855.244 , 7484.84
883.563 , 8071.1
832.047 , 7567.99
837.629 , 7486.23
763.788 , 6390.64
869.377 , 8188.37
916.934 , 8202.41
878.974 , 7592.67
901.573 , 8284.88
865.481 , 8027.45
829.125 , 7091.55
866.497 , 7705.02
890.311 , 8297.88
863.651 , 7752.25
837.198 , 7810.2
891.903 , 8230.55
873.613 , 7772.49
875.394 , 8243.27
845.613 , 7988.12
849.46 , 7035.37
846.798 , 8240.22
850.072 , 9230.85
871.462 , 7356.11
850.895 , 7250.01
915.114 , 8171.83
854.32 , 7803.61
894.654 , 7372.55
875.989 , 7747.18
891.079 , 8339
851.872 , 7962.04
836.335 , 7943.49
897.145 , 8096.79
860.332 , 7596.47
812.107 , 7395.07
919.348 , 8144.84
903.333 , 8160.65
834.968 , 7882.57
919.157 , 8150.92
868.091 , 8017.7
881.315 , 8110.41
848.127 , 8281.72
875.751 , 8312.47
896.973 , 8555.45
934.341 , 8209.2
828.101 , 7585.24
858.042 , 7401.82
849.311 , 7636.66
849.718 , 7606.73
911.987 , 7893.76
884.078 , 7276.07
785.406 , 7829.6
902.43 , 8153.37
771.945 , 7279.89
895.031 , 7660.8
898.042 , 8430.68
750.216 , 7174.92
883.98 , 8021.95
861.049 , 8043.36
908.098 , 8318.49
899.942 , 7817.78
851.073 , 7129.74
907.68 , 7484.61
803.578 , 7811.58
872.27 , 8010.98
856.645 , 7444.79
818.835 , 7383.08
892.583 , 8224.07
900.324 , 7932.28
835.097 , 7471.66
823.91 , 7298.84
881.003 , 9156.93
859.162 , 7512.66
810.541 , 7937.57
851.063 , 7695.07
867.261 , 7460.53
869.66 , 8488.73
857.248 , 8321.12
865.385 , 7357.81
892.15 , 7717.35
890.541 , 8441.79
893.187 , 7745.8
896.817 , 8041.74
813.129 , 7715.23
845.24 , 7764.97
811.347 , 8076.33
866.474 , 7969.39
896.833 , 7341.73
873.784 , 7969.89
816.998 , 7646.52
910.005 , 8172.07
828.152 , 8141.15
912.253 , 7724.96
847.229 , 7792.86
890.231 , 7998.68
855.63 , 7500.24
888.428 , 7942.67
857.886 , 8039.66
818.735 , 7625.33
913.869 , 8333.93
872.948 , 8805.38
906.637 , 8038.01
890.187 , 8251.93
902.99 , 7092.55
888.25 , 8453.8
878.361 , 8152.36
883.658 , 7586.51
885.46 , 7548.61
835.678 , 7449.71
893.563 , 8413.05
881.09 , 7485.68
865.099 , 9013.62
872.019 , 8020.31
870.364 , 7796.03
840.249 , 7496.59
875.94 , 7597.42
886.794 , 8496.24
834.598 , 7480.12
849.162 , 7625.35
930.071 , 7720.86
864.509 , 8934.52
861.27 , 8256.04
818.672 , 7909.87
866.172 , 8033.2
835.587 , 8434.7
858.279 , 8556.93
897.578 , 7704.9
897.912 , 7668.37
858.175 , 8377.19
772.132 , 6512.55
854.891 , 7285.9
839.213 , 7384.68
858.073 , 7601.66
922.13 , 8619.79
873.883 , 7628.92
917.293 , 8645.4
868.356 , 8130.03
889.148 , 8769.68
900.153 , 8145.21
887.328 , 7775.46
891.828 , 8910.58
861.051 , 6783.17
863.231 , 7973.67
845.508 , 7565.83
860.488 , 8000.65
874.141 , 7700.37
865.387 , 7774.72
850.474 , 7798.28
881.627 , 7959
890.981 , 8253.88
840.637 , 8053.54
914.408 , 7765.78
861.599 , 7601.41
854.64 , 8235.61
913.795 , 7902.78
911.195 , 8261.35
881.991 , 8226.92
870.251 , 8795.88
891.548 , 8306.03
858.738 , 7605.52
809.807 , 8149.19
885.93 , 8911.98
865.263 , 8531.02
883.925 , 7336.77
888.418 , 8023.55
829.975 , 7244.67
869.419 , 7761.99
859.418 , 7965.61
806.344 , 7177.66
844.569 , 8031.97
877.992 , 8374.44
847.695 , 6888.19
865.481 , 7439.1
881.417 , 8328.45
909.738 , 8706.72
843.542 , 8235.29
743.829 , 6795.93
827.119 , 7215.14
873.555 , 7750.52
894.722 , 7725.23
872.762 , 8390.16
907.597 , 7921.11
851.642 , 7882.63
860.612 , 8091.31
855.224 , 7697.04
842.326 , 8372.69
807.31 , 7149.75
830.385 , 8647.97
822.045 , 7954.86
866.736 , 8619.57
894.229 , 8865.56
900.86 , 8822.26
849.089 , 7153.95
909.193 , 8554.58
870.351 , 8957.26
859.564 , 8130.2
868.494 , 8533.11
914.38 , 7495.96
864.999 , 8393.06
871.996 , 7725.96
849.014 , 7317.52
831.204 , 7383.51
895.955 , 8208.64
809.797 , 7258.96
864.014 , 8416.36
833.041 , 7151.65
843.531 , 8218.54
883.555 , 7591.3
886.482 , 7968.18
859.669 , 7623.91
860.012 , 8474.56
849.423 , 8036.35
878.877 , 8100.51
879.249 , 8425.25
877.022 , 8020.69
920.123 , 8096.97
876.19 , 8599.19
885.844 , 8027.44
857.84 , 7459.15
858.613 , 8145.82
927.57 , 8251.16
884.377 , 7933.3
860.22 , 7879.01
888.983 , 7802.01
870.535 , 8169.49
842.403 , 8065.48
890.355 , 7773.06
866.832 , 8477.53
912.506 , 7820.26
860.44 , 8223.93
893.301 , 7952.88
855.872 , 8521.44
822.129 , 8020.82
872.286 , 7945.3
893.012 , 7587.88
892.358 , 8770.33
927.308 , 7416.86
919.625 , 7942.67
906.634 , 7561.78
844.689 , 7589.89
918.243 , 8366.69
814.026 , 7300.8
917.45 , 8676.07
776.935 , 7399.39
806.578 , 8640.53
911.543 , 8353.27
831.754 , 7756.37
884.289 , 8545.95
836.582 , 8221.03
831.68 , 8543.26
867.93 , 7728.06
864.821 , 8425.28
875.711 , 8410.79
876.71 , 8043.2
908.581 , 8432.18
815.659 , 8604.8
837.402 , 7889.55
912.891 , 8489.46
867.235 , 7914.13
875.785 , 8232.62
866.158 , 8034.97
857.744 , 7429.85
886.57 , 8219.09
896.584 , 8240.45
900.184 , 7699.51
852.965 , 7089.93
851.129 , 7938.88
861.6 , 8367.23
865.99 , 7501.35
856.146 , 8204.81
868.132 , 8044.44
895.708 , 8340.26
872.093 , 7521.41
874.2 , 7519.9
854.126 , 8962.8
890.56 , 7849.89
884.263 , 8424.83
866.003 , 8234.09
828.735 , 8157.58
775.55 , 7448.45
821.497 , 6933.71
814.766 , 7574.21
845.505 , 7525.89
839.989 , 7570.51
879.446 , 8053.5
862.321 , 7734.5
874.606 , 7393.17
912.771 , 7966.54
926.617 , 8192.21
859.436 , 7617.81
887.666 , 7381.55
863.918 , 8265.95
852.95 , 7333.96
915.059 , 7571.64
783.582 , 7111.95
882.418 , 7156.14
875.485 , 8451.04
886.633 , 7920.46
884.106 , 7654.22
875.827 , 7914.52
824.448 , 7672.84
870.329 , 7822.06
870.925 , 8401.47
851.063 , 7551.84
844.754 , 8544.87
834.912 , 8091.81
886.39 , 8851.52
833.708 , 7803.05
889.297 , 8407.39
890.65 , 9346.02
879.833 , 7582.92
876.157 , 7461.15
883.37 , 7811.18
841.246 , 8147.31
898.08 , 7744.53
895.02 , 8265.5
863.727 , 7275.29
880.251 , 7923.85
929.665 , 8154.37
864.696 , 7853.78
879.774 , 8328.44
872.937 , 7127
881.364 , 8047.74
896.578 , 8393.13
873.64 , 7594.92
895.965 , 8551.65
615.351 , 5395.21
845.545 , 7994.56
900.069 , 8368.09
858.504 , 8512.56
859.281 , 7977.97
882.244 , 7544.86
806.879 , 7531.3
913.486 , 8157.85
863.52 , 7749.57
855.574 , 8322.07
922.461 , 7616.75
895.419 , 8323.15
896.02 , 7952.39
878.328 , 7112.93
863.898 , 7754.94
863.817 , 7487.12
891.43 , 7930.9
926.56 , 8004.04
874.813 , 8163.68
872.572 , 7987.53
861.34 , 7546.42
888.671 , 7029.65
882.501 , 7547.47
823.768 , 7739.69
866.462 , 7610.33
903.55 , 8200.13
894.124 , 7700.9
878.713 , 9023.21
827.832 , 7395.6
828.679 , 7685.85
885.418 , 8570.83
847.378 , 7897.14
871.504 , 8352.44
882.613 , 7413.47
797.18 , 6128.88
897.784 , 7587.45
865.667 , 7515.41
867.357 , 7877.06
846.617 , 8193.33
884.66 , 7931.36
881.29 , 7535.14
849.473 , 8467.66
866.552 , 8067.87
874.473 , 7900.31
920.151 , 8909.93
885.862 , 7686.83
865.988 , 8534.49
886.693 , 8663.22
862.17 , 7815.46
877.801 , 8372.11
889.455 , 8391.47
890.594 , 7873.11
873.783 , 8267.04
852.374 , 8106.32
883.396 , 8479.24
828.536 , 7435.35
894.041 , 8499.65
853.205 , 8262.1
850.293 , 8465.44
796.906 , 7372.43
889.678 , 7136.44
889.915 , 7546.54
853.209 , 9301.56
919.984 , 7999.3
898.902 , 8459.95
874.567 , 7723.51
909.722 , 8576.94
843.162 , 8099.85
890.123 , 8436.9
852.872 , 8068.52
841.948 , 7494.07
883.582 , 8538.47
860.143 , 8720.68
819.1 , 7376.99
877.603 , 8115.52
813.712 , 7319.1
853.085 , 7152.1
875.02 , 7321.85
882.921 , 8441.56
879.175 , 7626.08
897.316 , 7538.79
897.518 , 8371.54
823.335 , 7541.48
894.608 , 7966.2
893.35 , 7602.81
800.143 , 8221.41
886.653 , 8473.05
878.333 , 8059.77
885.803 , 7440.02
842.316 , 7948.19
855.251 , 7919.47
833.051 , 7985.67
859.198 , 7895.62
852.231 , 8338.79
903.023 , 7749.14
912.75 , 7703.38
870.737 , 7951.92
896.748 , 8205.92
878.506 , 7954.63
871.349 , 8056.48
886.291 , 8826.11
904.919 , 8284.78
848.406 , 7846.42
811.606 , 7388.26
872.106 , 7657.15
883.57 , 7292.7
875.481 , 7612.5
823.79 , 7647.19
881.386 , 7881.31
868.238 , 8496.16
880.43 , 7120.24
870.531 , 7884.09
890.886 , 8772.81
841.184 , 8089.59
885.864 , 8304.48
866.338 , 7460.06
835.533 , 7592.17
847.666 , 7350.97
892.167 , 7820.08
869.086 , 7924.66
897.732 , 7382.42
870.702 , 7885.54
870.81 , 7087.19
887.103 , 8589.87
775.235 , 8034.84
904.329 , 8227.16
848.852 , 8125.38
737.451 , 6490.22
883.097 , 8347.64
826.29 , 7610.84
850.871 , 7513.76
910.849 , 8909.78
831.247 , 7287.29
864.995 , 8218.78
881.764 , 8299.64
892.496 , 8140.31
833.212 , 8092.01
880.863 , 8580.8
903.653 , 8440.22
890.372 , 8064.38
877.193 , 7654.99
872.417 , 7250.1
885.189 , 7646.78
821.703 , 7302.78
907.681 , 7983.67
902.798 , 7655.28
907.195 , 8261.79
908.02 , 7649.08
844.354 , 7707.35
877.867 , 8396.54
912.95 , 8706.64
843.812 , 8772.67
872.814 , 7655.29
924.666 , 7915.85
852.639 , 7806.27
953.478 , 7830.22
877.516 , 8083.99
878.796 , 8014.89
916.852 , 7670.65
901.016 , 8873.1
869.437 , 8004.72
867.448 , 7890.3
878.019 , 8177.97
870.413 , 8295.17
908.11 , 7879.88
875.616 , 7919.99
869.951 , 8490.49
903.844 , 8232.59
869.969 , 7525.52
814.681 , 7349.34
833.792 , 8052.85
882.001 , 8395.85
830.854 , 8140.85
898.09 , 7885.65
873.429 , 7767.37
840.961 , 7670.9
894.911 , 8293.7
886.299 , 8405.42
887.587 , 8754.82
878.005 , 7815.84
917.958 , 7773.3
847.292 , 7729.86
879.333 , 8121.78
878.205 , 7555.44
895.501 , 7699.24
888.58 , 8028.81
881.591 , 8624.55
837.932 , 7737.34
853.197 , 7819.96
818.604 , 7053.07
900.755 , 8070.21
853.241 , 7384.2
886.973 , 8997.21
909.615 , 7622.39
864.019 , 7910.38
794.363 , 7894.05
874.012 , 7314.47
865.25 , 7360.61
888.928 , 8245.89
874.341 , 8274.14
834.527 , 7563.13
871.654 , 7668.5
863.952 , 8734.53
848.673 , 7887.73
915.8 , 8146.07
855.464 , 8254.22
838.24 , 7635.51
917.371 , 7821.09
871.098 , 7229.38
896.344 , 7891.47
890.16 , 7676.13
872.351 , 7547.61
894.913 , 7966.93
889.314 , 8293.33
868.415 , 7499.7
900.463 , 7473.4
887.241 , 7623.53
895.734 , 8491.81
843.091 , 7234.24
845.892 , 7799.31
875.754 , 8163.47
859.649 , 7422.65
907.382 , 8331.04
864.017 , 8245.7
860.325 , 6684.86
877.048 , 7951.81
871.484 , 7593.52
869.119 , 7473.29
881.82 , 7990.9
882.881 , 7176.61
900.636 , 7908.73
857.981 , 8185.34
892.728 , 7731.42
885.754 , 7693.88
847.71 , 7597.11
810.547 , 6874.9
901.552 , 8134.39
863.004 , 7600.54
876.095 , 8016.84
907.61 , 8549.93
848.204 , 7830.16
795.582 , 7920.9
869.83 , 8435.23
844.007 , 8183.28
888.522 , 8233.38
880.981 , 8714.08
855.325 , 8178.77
917.567 , 8440.22
848.764 , 8685.42
849.324 , 7477.27
824.991 , 8412.86
909.25 , 8096.61
885.525 , 7049.24
914.112 , 8106.89
864.913 , 8239.47
866.155 , 7909.62
820.698 , 7661.21
836.632 , 7682.41
870.167 , 8478.45
900.02 , 8663.81
901.98 , 7271.24
852.549 , 8170.57
898.472 , 7761.99
902.431 , 8620.98
839.823 , 7993.12
895.457 , 7928.91
875.605 , 8069.45
651.16 , 6795.99
891.158 , 8488.7
832.426 , 8045.33
878.922 , 8488.71
832.702 , 7799.82
896.962 , 8252.56
841.852 , 7603.86
874.136 , 8305.65
886.502 , 8129.6
881.644 , 6856.68
879.644 , 7802.08
874.455 , 8301.34
861.837 , 7889.01
872.27 , 7871.67
855.55 , 8190.29
893.203 , 8598.73
898.753 , 8490.97
888.802 , 7474.04
862.317 , 8597.51
877.113 , 8125.69
849.969 , 7818.22
903.01 , 8368.15
858.399 , 8351.33
891.176 , 7583.24
820.036 , 7045.1
805.736 , 8025.02
862.789 , 7638.57
891.813 , 8312.07
792.198 , 7422.22
894.737 , 8569.16
853.684 , 7355.06
888.549 , 7989.78
900.408 , 7768.83
885.905 , 7620.57
841.264 , 7814.41
873.322 , 7861.76
896.711 , 8406.8
876.962 , 7988.68
850.387 , 7751.9
862.996 , 8189.18
852.482 , 8267.48
755.141 , 7348.26
892.475 , 7732.38
862.946 , 7636.68
838.217 , 7137.5
827.719 , 8353.53
907.806 , 7816.67
905.783 , 8370.14
845.975 , 7831.96
877.059 , 8035.55
841.082 , 7688.41
860.228 , 8831.83
878.061 , 8291.02
763.124 , 7307.15
866.019 , 8893.77
830.757 , 8272.89
828.958 , 7571.51
892.455 , 7655.41
934.032 , 8181.49
884.263 , 7999.62
889.046 , 7784.61
888.622 , 8432.71
868.996 , 6775.33
793.5 , 7054.57
852.837 , 7917.01
842.919 , 7704.72
857.043 , 7838.96
922.948 , 8213.63
861.176 , 8034.15
871.55 , 7710.59
917.045 , 7500.29
894.152 , 7968.92
781.931 , 6979.01
888.458 , 7764.36
872.354 , 7932.71
865.341 , 8677.85
825.459 , 7161.24
925.061 , 7742.55
875.608 , 7517.1
875.478 , 7697.9
848.572 , 7482.29
896.904 , 8472.03
822.878 , 7568.77
927.557 , 7966.28
896.108 , 7835.8
867.477 , 8277.67
803.263 , 7720.02
823.852 , 7687.52
879.963 , 8076.53
869.174 , 8456.56
898.662 , 8004.06
838.684 , 7981.32
852.103 , 7360.08
842.684 , 7985.06
832.219 , 7164.01
811.766 , 7746.68
844.287 , 8141.34
847.295 , 8070.65
877.305 , 7090.25
898.519 , 8302.1
845.433 , 8044.36
506.527 , 4209.94
851.414 , 7656.08
876.098 , 7648.44
904.459 , 7884.84
877.167 , 7393.31
871.789 , 8194.03
921.234 , 8068.37
873.128 , 7549.15
861.066 , 7970.96
891.27 , 7828.23
849.323 , 8562.68
894.096 , 7648.38
850.085 , 7462.45
894.444 , 7513.42
879.036 , 8630.76
868.053 , 7926.53
843.389 , 7834.08
887.632 , 8996.9
881.204 , 8753.36
819.99 , 7696.86
907.39 , 8184.35
861.446 , 7265.11
858.458 , 7261.73
865.063 , 8712.49
865.391 , 8087.64
845.302 , 8537.02
793.735 , 7547.05
882.528 , 7699.92
895.305 , 7740.12
887.377 , 8240.24
861.758 , 8548.77
898.869 , 7665.56
845.495 , 8126.71
866.031 , 8305.05
880.94 , 7395.03
865.464 , 8484.54
936.206 , 8409.78
883.625 , 7589.24
890.026 , 7667.69
842.234 , 8271.73
811.305 , 7175.39
853.572 , 8557.14
879.81 , 7679.23
890.617 , 8659.5
853.373 , 9178.42
909.485 , 7770.25
881.605 , 8484.32
892.491 , 7813.25
856.054 , 8019.31
893.428 , 7761.36
931.182 , 7931.78
844.101 , 7897.95
881.565 , 8612.05
841.521 , 7895.78
880.911 , 8065.11
855.277 , 8575.14
906.785 , 8176.73
876.907 , 8126.91
862.06 , 7954.97
808.158 , 8163.56
905.563 , 8379.54
852.689 , 7602.01
901.797 , 7103.91
888.362 , 8307.42
895.869 , 7285.41
890.894 , 7364.98
839.077 , 8006.79
857.587 , 6994.26
899.198 , 8361.85
757.329 , 7401.47
842.579 , 8225.4
884.69 , 7988.76
869.032 , 8457.01
837.221 , 7784.46
869.907 , 7040.18
879.913 , 7836.86
909.284 , 8476.19
836.489 , 8257.59
854.673 , 8368.82
891.136 , 7719.6
895.352 , 7656.04
887.517 , 7859.09
899.426 , 8247.01
867.227 , 8012.15
842.632 , 8032.72
901.896 , 8028.8
868.928 , 8094.08
875.656 , 7198.78
838.624 , 7413.87
900.607 , 7757.82
896.811 , 8417.81
846.27 , 7599.68
881.137 , 8517.55
874.278 , 8489.07
896.989 , 8188.43
809.051 , 7482.86
881.385 , 8014.42
768.92 , 7766.6
861.467 , 8459.39
872.572 , 8380.11
896.24 , 9248.4
898.757 , 7797.95
913.619 , 7736.01
837.77 , 7962.09
879.489 , 8440.95
885.444 , 8003.24
877.603 , 7840.56
907.042 , 7978.28
908.352 , 8040.09
858.741 , 8135.58
901.977 , 8114.53
854.192 , 7541.44
898.302 , 7933.42
858.449 , 8342.83
871.307 , 7894.13
856.307 , 7977.18
868.501 , 7542.75
871.811 , 8143.65
901.814 , 8282.49
869.138 , 8463.05
860.059 , 8234.49
870.032 , 8535.48
865.884 , 7894.91
883.966 , 8335.79
873.024 , 8035.11
860.959 , 7644.72
866.301 , 7901.93
899.519 , 9374.04
847.32 , 7088.02
865.119 , 8493.73
919.321 , 7365
840.582 , 7458.05
845.77 , 7825.55
910.297 , 8255.91
847.361 , 7602.33
888.895 , 7451.57
887.556 , 7747.47
882.139 , 7584.5
904.479 , 8263.82
915.788 , 8841.69
859.212 , 7766.35
861.521 , 7623.36
888.137 , 7840.07
867.707 , 8429.94
877.516 , 8642.25
875.938 , 8413.08
881.004 , 8308.9
867.746 , 8032.63
896.447 , 8275
895.586 , 7843.18
851.719 , 7719.03
905.03 , 7799.2
902.677 , 8060.32
889.57 , 8909.67
860.088 , 8188.76
896.061 , 8196.56
899.715 , 8806.42
912.105 , 7456.42
839.578 , 7785.56
912.744 , 8202.25
893.482 , 7657.09
898.285 , 7478.07
819.358 , 7875.07
878.973 , 7394.14
885.505 , 7473.28
896.998 , 7991.16
836.692 , 7599.33
857.348 , 8193.93
859.152 , 7689.02
903.947 , 7462.73
856.949 , 8035.07
854.495 , 7685.82
839.042 , 7939.79
893.278 , 7966.02
843.043 , 8236.78
840.894 , 7438.66
858.851 , 7846.03
870.749 , 8095.75
866.042 , 8788.82
891.849 , 8600.9
897.221 , 8308.19
870.1 , 7756
869.796 , 7938.35
871.204 , 8056.39
873.676 , 7761.51
848.19 , 7097.58
878.904 , 8044.65
853.966 , 8098.6
866.968 , 8932.01
883.633 , 8006.67
905.643 , 8075.17
875.03 , 7282.14
875.829 , 8640.3
861.909 , 8005.81
873.262 , 7711.49
899.647 , 7291.13
840.912 , 8799.84
860.929 , 8361.67
848.352 , 8051.65
875.936 , 7509.18
887.254 , 7694.17
864.819 , 7984.74
902.694 , 8613.16
874.015 , 8151.02
902.631 , 7620.95
829.216 , 8189.91
817.697 , 8153.1
864.016 , 8000.56
869.329 , 8522.42
891.137 , 8382.56
883.488 , 7589.46
836.699 , 8088.7
869.298 , 7460.58
872.69 , 8310.59
861.011 , 8144.08
803.309 , 8124.44
892.311 , 8691.57
891.385 , 7920.55
907.897 , 8053.39
869.178 , 7673.29
901.807 , 8431.36
841.604 , 7892.65
856.493 , 7449.31
848.82 , 8322.47
868.235 , 7870.53
860.283 , 7898.03
867.364 , 8351.15
895.155 , 7153.19
901.757 , 9181.14
844.373 , 8586.25
863.253 , 8342.38
859.87 , 7425.45
885.844 , 8692.4
873.816 , 7173.7
913.465 , 8165.65
857.68 , 7444.84
899.677 , 8136.63
877.276 , 8549.99
920.01 , 7665.64
823.932 , 7660.47
878.419 , 9321.87
903.265 , 7735.9
856.179 , 8042.27
847.629 , 7996.52
897.342 , 8079.8
888.414 , 8582.63
881.598 , 8027.97
847.752 , 7079.06
835.895 , 8218.16
918.317 , 8152.28
899.007 , 8132.65
811.788 , 8060.51
871.048 , 8463
796.65 , 8243.96
900.196 , 7983.61
880.692 , 8350.63
899.378 , 8092.11
863.324 , 8324.14
897.039 , 8554.85
860.694 , 8029.74
884.012 , 7890.96
895.117 , 7842.96
833.888 , 7041.49
865.721 , 8003.58
868.968 , 8084.21
644.159 , 5011.84
886.528 , 8186.08
895.438 , 8748.95
866.147 , 7756.15
865.25 , 8121.66
907.45 , 8573.24
900.403 , 8863.3
830.623 , 7913.68
912.242 , 8199.11
888.589 , 7720.45
879.07 , 7749.12
776.563 , 7310.92
855.201 , 7067.7
860.751 , 7457.28
869.508 , 7896.67
848.12 , 8180.95
855.297 , 7711.1
871.284 , 8785.35
901.563 , 8045.31
871.133 , 7701.88
856.153 , 7429.89
895.292 , 7957.26
881.429 , 7515.38
809.93 , 8137.6
891.569 , 7793.32
915.813 , 9101.1
891.193 , 8150.23
878.819 , 8323.92
902.48 , 8302.41
893.852 , 7498.6
849.704 , 7877.41
842.313 , 8077.53
860.111 , 7750.66
933.345 , 7844.88
857.136 , 7971.87
851.338 , 8768.9
856.285 , 8021.46
883.57 , 8282.25
893.752 , 7308.34
837.974 , 8666.96
890.128 , 8356.62
837.695 , 7734.05
907.036 , 8526.31
904.015 , 6773.56
871.557 , 7888.13
903.918 , 8538.03
869.121 , 7776
872.727 , 7758.74
895.405 , 7946.48
841.484 , 8206.24
826.299 , 6962.51
833.596 , 7792.92
876.727 , 7800.77
889.074 , 8393.39
850.741 , 8093.06
881.878 , 7505.29
883.708 , 7883.27
840.699 , 7830.51
907.479 , 7879.72
858.168 , 8262.32
849.298 , 8026.96
912.782 , 7585.3
890.888 , 7344.79
907.734 , 8311.97
805.983 , 8050.14
783.655 , 6518.55
891.735 , 8630.26
870.496 , 7788.9
872.828 , 7802.71
858.18 , 8562.24
855.826 , 8062.82
847.476 , 8443.27
870.028 , 7853.98
920.254 , 7911.85
869.577 , 7472.94
844.891 , 8356.67
857.491 , 8331.99
884.556 , 7330.21
896.561 , 8159.24
886.371 , 7694.79
922.256 , 7581.87
862.089 , 8647.87
865.274 , 8036.88
802.346 , 7874.41
898.82 , 7861.9
868.106 , 7893.64
846.913 , 7384.85
872.157 , 7466.7
878.59 , 7390.57
893.314 , 8272.13
858.479 , 7233.4
897.797 , 8173.48
798.981 , 8100.83
855.712 , 8212.3
813.255 , 7208.99
887.746 , 8217.38
882.363 , 8310.21
863.803 , 8746.56
901.236 , 8635.92
859.4 , 8362.13
848.311 , 8886.72
897.869 , 8413.86
918.199 , 8781.25
855.067 , 7868.17
855.628 , 9054.24
842.147 , 8470.37
851.375 , 7714.81
886.926 , 8226.42
910.549 , 8436.3
834.684 , 8008.89
893.017 , 7799.56
856.418 , 8082.42
881.404 , 8129.61
822.206 , 7767.3
881.228 , 7782.48
889.753 , 7863.18
877.102 , 8367.6
913.149 , 8975.11
867.337 , 7702.67
898.256 , 7535.25
876.266 , 8261.7
881.945 , 8297.18
863.46 , 7815.83
884.901 , 7844.55
869.044 , 8877.82
846.13 , 7814.08
830.387 , 7266.55
868.594 , 8730.22
840.572 , 8359.1
895.318 , 8206.58
835.453 , 7890.57
885.55 , 8021.59
910.723 , 8510.51
903.565 , 7800.17
915.677 , 7699.94
852.535 , 7787.29
869.96 , 8509.1
813.804 , 8782.89
857.809 , 8285.97
888.93 , 7767.19
884.482 , 7080.79
866.421 , 7800.54
790.84 , 7440.83
895.665 , 8062.7
897.9 , 7611.13
865.374 , 8242.05
876.689 , 8684
884.88 , 7780.84
871.244 , 8397.01
858.693 , 7827.34
914.806 , 7719.31
862.178 , 7137.42
885.05 , 8275.47
898.149 , 8140.91
856.343 , 7833.92
922.922 , 9043.31
885.475 , 7442.38
871.005 , 9128.1
864.236 , 8160.24
835.07 , 7871.76
903.596 , 7524.48
864.77 , 8121.9
850.197 , 8599.13
878.237 , 7698.35
876.306 , 7511.63
876.997 , 8313.28
853.82 , 8073.07
861.474 , 8281.71
894.959 , 8504.57
854.378 , 7910.85
892.852 , 8252.47
905.898 , 7561.33
864.504 , 7948.04
877.936 , 8677.77
919.287 , 8995.5
892.443 , 7844.09
861.887 , 7642.06
887.911 , 8096.23
876.499 , 7164.87
912.172 , 7434.25
821.832 , 8370.19
876.402 , 8279.16
887.338 , 7962.05
816.046 , 8634.56
860.334 , 7974.22
892.488 , 8724.94
870.877 , 8032.64
858.593 , 8299.76
872.003 , 7756.67
850.857 , 7261.62
902.193 , 8025.83
864.253 , 8142.99
883.49 , 8124.15
896.686 , 8686.94
868.728 , 7414.66
846.53 , 8103.42
881.371 , 7957.63
879.568 , 7438.2
833.05 , 7780.56
839.371 , 8491.92
882.821 , 8757.37
882.467 , 7507.46
878.959 , 7785.49
858.186 , 8519.25
905.248 , 8373.5
837.473 , 8390.94
838.906 , 7442.4
862.017 , 8065.15
883.17 , 7980.65
834.641 , 8208.58
894.436 , 7435.77
849.001 , 7689.19
863.341 , 7554.74
903.46 , 7788.34
903.102 , 8190.61
855.098 , 7517.02
885.495 , 7544.84
887.016 , 7548.79
865.776 , 8185.97
833.664 , 7387.05
818.405 , 7856.67
882.182 , 7906.36
869.761 , 8218.49
884.929 , 7510.4
838.874 , 8719.47
871.218 , 7865.36
901.439 , 8197.15
885.448 , 8584.14
922.778 , 7198.71
866.924 , 8225.42
870.293 , 8159.16
864.419 , 6776.6
844.936 , 8956.72
902.658 , 7855.68
877.967 , 8530.19
869.86 , 8197
890.557 , 7976.27
873.687 , 8379.28
883.125 , 8114.2
855.836 , 8106.47
892.728 , 7888.36
881.75 , 8219.33
880.349 , 8302.93
881.886 , 7763.23
884.619 , 7580.78
873.034 , 7921.47
820.393 , 8723.83
868.475 , 7704.83
908.493 , 7929.59
897.641 , 7637.75
863.085 , 7339.45
896.256 , 7860.38
870.285 , 7862.36
866.247 , 8507.77
847.112 , 7763.84
861.082 , 8204.94
825.775 , 6735.18
897.864 , 7883.32
883.648 , 7702.91
884.839 , 8360.68
881.554 , 7862.3
872.572 , 8165.56
851.667 , 8062.69
820.034 , 7552.31
849.015 , 7713.31
862.248 , 7838.48
848.257 , 7457.42
872.208 , 8847.75
845.999 , 7388.79
934.294 , 7632.8
887.903 , 7565.49
881.258 , 8230.22
880.238 , 7358.11
856.279 , 8044.75
903.478 , 7926.56
886.706 , 8184.43
896.256 , 8145.51
879.623 , 7658.85
884.356 , 8269.3
865.578 , 7260.28
890.894 , 8357.48
899.067 , 8168.47
790.154 , 7569.25
904.421 , 7891.11
847.476 , 8654.12
914.456 , 8777.68
838.968 , 7483.39
861.305 , 7170.13
897.429 , 8292.53
891.357 , 8455.25
908.704 , 8491.41
784.737 , 7518.95
870.568 , 8559.78
854.799 , 7911.09
876.233 , 7625.29
840.935 , 7851.38
850.02 , 7216.81
896.727 , 8321.08
901.535 , 7813.4
869.352 , 8415.3
908.804 , 7146.83
920.019 , 8325.7
893.297 , 8155.11
804.914 , 8146.63
892.105 , 8106.13
864.913 , 8551.99
882.987 , 8110.95
858.639 , 8386.8
876.774 , 8891.04
881.915 , 7601.38
887.388 , 7704.53
871.197 , 8475.74
866.997 , 8846.27
877.076 , 8342.76
847.364 , 6915.1
872.969 , 7800.55
903.838 , 8110.12
837.728 , 8232.65
855.813 , 7851
848.928 , 7915.25
811.206 , 7300.01
896.458 , 7914.52
822.616 , 7412.66
892.4 , 7474.11
890.497 , 7727.34
881.435 , 8295.18
820.841 , 8240.27
862.349 , 8085.19
819.372 , 7880.62
881.94 , 7763.55
798.959 , 7597.56
854.498 , 8485.92
883.935 , 7751.67
884.108 , 8156.99
858.451 , 8290.03
910.659 , 7635.4
870.222 , 7780.13
882.262 , 7537.77
896.793 , 8249.9
840.963 , 7154.23
878.026 , 7682.44
876.536 , 8790.97
859.42 , 7717.52
899.862 , 8412.14
898.187 , 7740.14
915.514 , 8301.84
847.511 , 7704.07
856.56 , 7838.22
832.371 , 7668.8
840.412 , 8847.05
846.705 , 7583.68
895.113 , 8194.58
862.942 , 7293.25
866.867 , 7663.03
882.98 , 7775.99
867.427 , 7479.07
875.336 , 8836.72
878.138 , 7605.32
879.922 , 7900.04
883.496 , 8145.38
891.031 , 7612.67
868.256 , 7282.08
864.841 , 7764.05
849.935 , 7628.69
867.658 , 8089.93
871.812 , 8512.13
888.785 , 7250.75
827.782 , 7446.75
878.389 , 8212.8
891.607 , 7567.05
877.716 , 7416.21
894.659 , 7209.27
866.032 , 9040.94
887.507 , 7553.54
867.706 , 7859.08
790.843 , 7834.94
896.97 , 8415.75
883.925 , 7648.21
890.078 , 8302.65
844.916 , 7388.64
764.69 , 7133.08
904.065 , 8812.91
889.138 , 8328.17
877.612 , 8457.87
831.036 , 7985.64
873.672 , 8174.36
889.196 , 7203.63
888.323 , 8540.48
872.609 , 8415.63
888.627 , 8430.6
894.592 , 7772.66
849.402 , 7874.49
904.282 , 7894.98
916.475 , 7938.59
866.097 , 8050.42
729.79 , 5958.77
867.65 , 7618.52
904.177 , 7444.92
884.131 , 6916.25
886.568 , 8445.31
828.213 , 8551.87
853.784 , 7796.72
909.732 , 7978.83
884.033 , 7496.39
862.248 , 8062.5
859.742 , 8048.21
830.097 , 6829.53
881.742 , 7393.06
862.268 , 7996.46
871.485 , 8383.82
811.417 , 7978.53
899.754 , 8469.76
903.996 , 9419.51
926.872 , 8159.37
863.832 , 7363.42
839.842 , 7556.47
857.131 , 8019.56
843.601 , 9008.38
887.041 , 9102.23
846.581 , 8550.02
893.776 , 7855.88
816.674 , 7953.66
844.609 , 7305.77
895.065 , 8018.91
882.25 , 6961.18
875.273 , 8947.17
889.745 , 7942.15
878.017 , 7337.17
874.025 , 7861.93
901.253 , 7266.35
862.721 , 8710.26
898.902 , 7317.56
915.507 , 8405.14
872.918 , 6722.67
894.617 , 8358.01
882.106 , 8206.12
852.822 , 8437.15
884.675 , 8079.96
869.84 , 7352.01
874.667 , 8826.84
843.83 , 8285.32
894.064 , 8045.9
884.604 , 7898.72
886.169 , 7720.34
872.573 , 7733.55
871.629 , 8481.5
879.484 , 8085.52
841.25 , 7980.46
865.916 , 7666.88
364.675 , 3147.85
855.954 , 8291.77
835.867 , 7491.68
888.413 , 8140.75
880.766 , 7821.8
822.472 , 8163.58
911.269 , 7557.01
867.931 , 7761.84
869.897 , 7587.41
861.258 , 7952.73
871.762 , 8293.74
843.165 , 7169.06
878.948 , 8000.91
880.051 , 7745.49
851.729 , 7825.2
885.184 , 8942.25
836.021 , 7634.26
853.733 , 7823.38
872.732 , 7523.14
897.295 , 7998.65
872.87 , 7829.27
884.226 , 7779.59
829.46 , 7613.19
886.307 , 8508.4
914.079 , 8516.42
842.978 , 7753.88
904.087 , 8193.95
834.343 , 7868
906.535 , 7737.51
884.061 , 7818.63
834.036 , 7434.64
848.553 , 7475.52
853.406 , 7630.2
867.674 , 7927.1
848.742 , 8184.57
891.202 , 8550.7
890.67 , 8241.15
813.542 , 7308.7
858.503 , 8007.01
871.488 , 7910.69
836.599 , 7903.43
850.136 , 7730.59
876.918 , 8398.13
903.353 , 7461.52
846.17 , 7709.34
927.171 , 7514.74
819.855 , 7907.65
857.096 , 6964.79
890.746 , 9275.23
876.243 , 7885.84
894.637 , 7875.92
890.085 , 7695.25
862.374 , 7454.23
877.122 , 8341.63
848.824 , 8708.46
898.359 , 7268.96
909.843 , 8444.44
911.017 , 7203.33
889.493 , 8456.14
861.387 , 7873
901.283 , 7182.85
848.03 , 7920.43
809.414 , 8846.73
909.46 , 8461.57
881.171 , 8197.78
861.416 , 8694.37
892.616 , 8427.63
871.932 , 8609.25
776.314 , 6878.27
841.263 , 7866.83
917.361 , 8522.78
864.792 , 8159.26
886.312 , 7553.55
821.489 , 7280.68
899.346 , 7850.55
865.017 , 8599.61
893.84 , 8385.94
894.255 , 8170.06
883.596 , 8632.42
888.841 , 8290.07
882.337 , 7554.52
859.781 , 8621.87
837.745 , 8232.87
847.656 , 8019.84
897.911 , 8420.15
904.864 , 7774.02
847.371 , 8000.87
852.501 , 8585.05
881.276 , 8553.8
879.925 , 7903.38
845.946 , 7921.05
872.449 , 8631.31
856.355 , 8530.03
841.777 , 8074.5
872.89 , 7718.37
861.359 , 7881.94
837.791 , 7583.91
886.549 , 8315.28
840.101 , 8605.62
888.836 , 8308.61
841.985 , 7974.34
869.226 , 8700.57
863.668 , 7899.74
882.897 , 8001.16
864.205 , 8090.17
865.924 , 7622.67
825.991 , 8194.68
819.187 , 7428.48
830.083 , 7186.62
827.773 , 8248.45
869.575 , 8264.09
888.691 , 8240.8
905.975 , 7193.24
871.962 , 8134.65
831.869 , 7267.03
896.938 , 8224.13
855.48 , 7336.92
887.16 , 8156.74
903.513 , 8451.03
849.954 , 7819.24
897.886 , 8707.03
875.575 , 7531.45
903.27 , 6995.29
904.321 , 8263.07
850.41 , 7539.18
852.395 , 6993.18
876.48 , 7990.75
889.881 , 8016.47
801.932 , 6756.87
846.526 , 7689.62
859.455 , 7967.59
884.567 , 7788.05
894.02 , 7831.02
865.252 , 7924.39
846.918 , 7610.73
760.331 , 6930.67
859.536 , 7357.59
844.616 , 8287.1
864.812 , 7646.92
852.274 , 7793.43
887.922 , 8207.46
900.255 , 8425.84
892.763 , 8609.16
884.048 , 8513.09
906.294 , 8514.41
861.269 , 7543.69
881.828 , 7478.53
859.697 , 8215.67
848.733 , 8060.7
891.45 , 7554.12
829.601 , 7829.2
864.858 , 8502.8
856.227 , 7762.84
893.451 , 7128.49
820.822 , 7630.25
861.619 , 8355.83
862.108 , 7166.08
819.563 , 7224.62
883.26 , 7428.33
816.821 , 7897.78
749.312 , 7869.55
877.454 , 7960.51
892.912 , 8081.18
885.322 , 8080.53
837.577 , 7738.31
851.659 , 7337.54
863.713 , 7202.5
517.209 , 4093.5
888.753 , 7065.76
878.813 , 8103.41
901.742 , 7680.48
834.328 , 9320.72
888.813 , 7401.59
878.886 , 8120.68
861.353 , 7654.04
899.449 , 7714.42
890.963 , 7752.22
881.027 , 8216.52
853.639 , 8139.15
863.205 , 8115.69
870.984 , 8125.81
845.178 , 7796.62
863.199 , 7973.94
876.571 , 8830.99
903.234 , 7486.77
844.877 , 7909.87
890.504 , 7067.83
907.028 , 8181.63
883.499 , 7966.88
883.776 , 7866.62
892.877 , 7934.59
893.014 , 8068.6
923.179 , 8525.46
877.797 , 7368.84
879.395 , 7585.35
888.13 , 8068.52
854.294 , 7633.68
841.735 , 8692.36
892.289 , 8326.23
929.667 , 7873.04
895.266 , 7781.61
887.473 , 8155.03
885.077 , 7626.14
895.532 , 7004.93
874.311 , 7812.68
885.426 , 8562.31
864.17 , 7718.36
852.513 , 8515.04
866.022 , 8236.27
859.917 , 8262.15
816.852 , 7933.37
873.008 , 8288.86
840.785 , 7379.9
857.016 , 7765.4
902.26 , 8299.42
808.652 , 8089.16
867.419 , 7896.25
776.852 , 6771.74
872.883 , 8143.71
848.103 , 8573.21
879.147 , 7836.29
867.006 , 8208.44
902.869 , 6938.12
924.522 , 7533.25
816.667 , 7158.17
903.044 , 7850.83
860.102 , 7447.01
883.287 , 8525.17
886.621 , 8513.57
878.595 , 8319.27
856.084 , 8686.16
852.169 , 7691.99
887.235 , 8589.37
819.656 , 7331.49
915.405 , 8158.29
850.077 , 7786.93
924.319 , 7745.59
898.793 , 7386.29
827.342 , 7771.66
839.637 , 7552.57
902.941 , 7902.99
842.902 , 7782.63
896.514 , 8477.28
904.203 , 7547.87
862.966 , 8289.21
888.829 , 7816.82
851.016 , 8047.78
862.446 , 7884.96
873.114 , 8708.46
888.901 , 8654.99
850.62 , 7279.64
901.553 , 7874.27
861.852 , 8187.5
895.252 , 7783.84
889.687 , 9342.67
904.497 , 8058.27
884.134 , 8317.72
858.387 , 7934.3
885.395 , 8371.05
886.589 , 7952.51
860.075 , 8312.56
864.208 , 7558.97
870.207 , 8076.85
896.926 , 8371.46
904.938 , 8812.35
761.376 , 7320.78
834.446 , 7529.81
835.475 , 7248.66
908.394 , 8161.38
859.393 , 7610.16
828.715 , 8795.1
894.951 , 7277
902.685 , 8051.08
873.728 , 8072.35
829.275 , 7733.3
872.919 , 7592.55
903.573 , 8440.54
887.254 , 8178.31
884.23 , 7635.72
902.134 , 7818.66
815.771 , 7557.91
891.945 , 7453.81
848.85 , 8034.6
888.286 , 8986.74
840.711 , 7842.9
894.623 , 7829.94
861.287 , 8831.67
875.479 , 8167.01
841.274 , 7554.61
875.555 , 8543.99
830.367 , 7760.84
850.163 , 7226.26
861.976 , 8473.22
882.564 , 7631.12
910.041 , 8584.26
850.276 , 7414.26
894.252 , 8864.19
913.07 , 7208.82
786.702 , 7416.85
853.94 , 7817.03
853.667 , 7387.05
886.97 , 8817.6
879.324 , 7896.13
797.691 , 6849.62
856.541 , 9753.94
766.314 , 7188.21
850.633 , 8097.17
860.991 , 8615.03
874.553 , 7599.19
912.731 , 7050.96
898.268 , 8872.73
880.204 , 7020.36
906.158 , 8762.89
885.135 , 8693.52
884.048 , 7836.41
839.422 , 7294.57
871.133 , 8798.69
883.649 , 8144.61
865.853 , 8563.34
869.423 , 7576.99
860.506 , 7267.14
865.986 , 8001.7
847.837 , 7641.55
853.928 , 8399.71
918.805 , 7851.35
900.692 , 7534.07
881.835 , 7269.01
893.611 , 7184.01
846.533 , 8112.09
869.455 , 7897.89
890.147 , 7875.74
830.006 , 7017.97
864.355 , 7657.19
875.499 , 8153.99
834.724 , 6609.46
887.513 , 7972.46
865.738 , 8568.32
866.792 , 7768.25
803.867 , 7658.89
829.808 , 8049.38
859.403 , 8494.53
870.943 , 7959.8
896.487 , 8364.87
855.304 , 7900.65
886.36 , 8043.07
860.644 , 7674.81
880.349 , 7481.55
880.212 , 7936.81
880.444 , 9542.64
836.943 , 8316
890.304 , 7700.46
890.412 , 7631.25
883.157 , 8139.36
900.42 , 7836.1
850.046 , 8718.72
859.241 , 8498.6
892.151 , 8881.04
877.32 , 7856.56
870.33 , 7534.98
896.983 , 8493.78
876.078 , 7909.19
897.24 , 8283.38
874.156 , 7585.35
894.476 , 8211.32
889.835 , 8547.72
838.527 , 8615.16
880.408 , 8072.02
834.843 , 7641.4
876.215 , 7846.09
844.402 , 7906.42
859.342 , 7113.16
910.346 , 8366.87
838.198 , 8069.53
912.516 , 7679.85
941.279 , 8107.78
903.771 , 7406.46
900.019 , 7713.88
886.463 , 8272.68
879.163 , 7532.25
880.471 , 7552.06
834.041 , 7916.75
831.648 , 7466.16
848.92 , 7628.5
861.565 , 7710.9
854.549 , 8219.78
880.217 , 7911.89
849.37 , 7634.44
861.006 , 7649.6
927.595 , 7551.95
847.214 , 7809.54
894.366 , 8871.6
878.363 , 7853.1
851.142 , 8007.24
841.012 , 8099.82
857.092 , 7934.28
862.8 , 7748.08
857.638 , 7951.21
853.48 , 7494.75
891.639 , 7652.23
891.405 , 7526.46
856.464 , 7879.86
848.59 , 7635
872.138 , 7411.11
780.462 , 7749.28
849.002 , 8033.52
890.838 , 7784.15
881.68 , 8157.97
884.262 , 8673.84
892.159 , 8665.83
876.039 , 7584.64
871.492 , 7710.53
794.695 , 8959.65
891.394 , 7525.75
867.683 , 8381.29
875.728 , 7853.87
896.417 , 7719.86
896.732 , 8948.14
889.578 , 7757.95
869.524 , 7983.32
867.438 , 9124.98
856.568 , 7634.57
872.397 , 7294.46
843.061 , 8758.11
860.487 , 8050.91
897.481 , 8443.85
879.721 , 8599.31
879.558 , 7979.42
904.087 , 8296.04
905.47 , 7518.33
865.03 , 8281.28
854.541 , 8300.46
879.941 , 7839.43
822.111 , 7570.66
908.671 , 8544.12
917.663 , 8202.51
882.132 , 8236.77
901.623 , 8390.35
852.934 , 8195.99
899.812 , 7867.92
864.269 , 8191.14
834.831 , 7623.79
829.935 , 8004.17
843.303 , 8025.59
843.07 , 8549.78
917.186 , 7479.67
851.029 , 7477.98
858.932 , 8930.56
905.511 , 8161.98
862.231 , 7668.82
879.08 , 8051.81
880.931 , 7875.16
876.922 , 8959.81
773.757 , 6899.46
844.865 , 7846.78
836.011 , 7275.73
892.867 , 8997.52
903.59 , 8249.56
855.043 , 8029.26
805.645 , 7491.18
929.78 , 8141.02
886.665 , 8415.02
860.974 , 7543.72
861.511 , 7338.72
900.376 , 7973.31
890.064 , 7673.57
866.452 , 7500.07
895.815 , 8233.01
903.184 , 8809.58
884.838 , 7995.2
971.945 , 8571.23
840.697 , 7638.08
873.014 , 7380.97
865.662 , 7231.92
854.099 , 8005.29
880.504 , 7302.58
881.996 , 8169.87
917.742 , 8249.08
878.283 , 8469.07
859.925 , 7743.12
889.944 , 8289.43
897.156 , 7711.24
888.714 , 7245.61
837.25 , 7668.63
862.673 , 7840.69
861.671 , 7545.96
838.362 , 8306.63
865.326 , 8651.57
882.028 , 8009.83
816.526 , 7798.26
881.776 , 7308.26
887.054 , 8337.94
863.758 , 7788.13
897.242 , 8838.93
887.68 , 8719.6
894.162 , 7338.67
852.473 , 8542.54
906.441 , 8413.91
862.843 , 6382.32
832.607 , 7663.62
876.704 , 7786.02
887.183 , 8336.38
851.77 , 8453.32
865.32 , 7965.51
842.465 , 7657.04
884.063 , 7648.9
902.543 , 7038.12
867.013 , 7843.71
833.479 , 8360.05
866.856 , 7359.47
877.294 , 7709.83
907.703 , 7499.71
883.399 , 8668.34
892.701 , 8383.47
840.793 , 8214.32
854.795 , 8092.79
885.892 , 7735.27
920.44 , 8323.59
860.731 , 7215.51
833.559 , 7943.1
888.116 , 7835.59
827.796 , 7738.17
845.45 , 8662.28
883.44 , 8292.23
881.058 , 7506.37
815.801 , 7625.03
808.937 , 8058.42
834.311 , 8012.1
918.052 , 8090.44
860.55 , 8712.87
811.179 , 8499.69
878.651 , 7644.57
836.791 , 6907.63
873.928 , 7693.64
852.471 , 8725.91
838.515 , 7758.07
874.561 , 8265.62
847.265 , 8557.36
844.975 , 8142.84
895.594 , 7918.27
845.445 , 8615.42
900.318 , 8682.65
896.358 , 8048.76
895.372 , 7674.07
914.976 , 7592.76
896.345 , 8365.81
874.422 , 7526.29
859.37 , 7833.38
873.996 , 8755.87
865.335 , 8013.32
835.947 , 8868.47
880.205 , 8066.19
731.035 , 7124.69
873.673 , 7908.75
834.261 , 7411.15
895.931 , 7651.18
890.606 , 8686.25
864.923 , 8028.67
885.055 , 7503.93
918.558 , 7574.99
816.733 , 6885.6
848.491 , 7718.98
916.664 , 7636.6
789.755 , 7515.16
899.191 , 7507.94
844.037 , 7704.15
889.099 , 7545.92
874.686 , 7986.25
912.938 , 7932.61
888.246 , 8096.29
837.122 , 8564.37
846.486 , 8091.27
872.831 , 6814.81
839.823 , 8292.34
819.755 , 8338.94
859.805 , 7518.49
888.412 , 8027.1
888.636 , 7852.29
871.796 , 8299.61
853.653 , 8053.8
906.221 , 7856.04
874.168 , 8206.19
871.801 , 8212.88
852.563 , 6669.31
873.798 , 7731.72
850.541 , 7670.43
843.874 , 7877.48
886.341 , 8042.45
853.859 , 7584.91
912.066 , 7525.34
854.542 , 7936.4
893.056 , 7672.51
882.591 , 8218.37
834.1 , 7681.52
884.37 , 9125.48
872.716 , 8771.16
851.495 , 7521.77
848.552 , 7073.77
920.626 , 8390.65
883.601 , 9463.1
851.67 , 7419.16
841.031 , 7710.78
831.35 , 7716.4
910.445 , 7849.89
870.074 , 8487.57
859.147 , 8312.85
885.848 , 8274.3
866.964 , 7667.66
913.831 , 8028.15
931.325 , 8250.58
925.047 , 8793.51
873.369 , 7281.05
836.6 , 7511.22
896.172 , 7608.9
837.133 , 8045.59
866.168 , 7838.17
820.369 , 8173.19
846.423 , 7745.06
908.012 , 8020.21
855.118 , 7444.16
893.435 , 7523.09
872.523 , 7704.39
867.101 , 7967.71
887.048 , 7878.17
824.552 , 6841.07
908.149 , 7871
886.823 , 8021.33
866.121 , 8388.87
896.388 , 8163.48
861.79 , 7095.09
908.496 , 8492.08
907.165 , 8672.26
847.991 , 8158.33
864.484 , 7420.55
919.835 , 7790.89
852.244 , 8264.91
904.623 , 8189.25
869.098 , 8249.64
863.319 , 7708.21
885.05 , 7782.49
867.034 , 7999.74
840.52 , 7859.9
818.227 , 6986.6
898.664 , 8940.7
882.736 , 7394.71
856.37 , 7705.82
875.744 , 7436.92
818.331 , 7547.25
843.742 , 7733.22
836.695 , 7850.21
879.351 , 7728.45
901.914 , 8095.24
881.861 , 8194.23
882.238 , 8772.19
898.059 , 8022.27
895.465 , 8040.49
902.14 , 8084.35
855.145 , 6825.03
828.616 , 6993.79
905.322 , 7644.81
864.597 , 9111
902.049 , 8337.92
886.706 , 7846.71
833.359 , 7920.51
861.064 , 8234.9
900.483 , 7884.46
826.759 , 7372.96
889.39 , 8044.02
884.182 , 7951.09
890.105 , 8320.48
891.474 , 7699.43
868.482 , 8057.66
848.606 , 8680.45
846.068 , 7972.11
878.048 , 7717.66
839.286 , 8918.03
905.574 , 8254.77
833.873 , 8093.24
863.996 , 8103.93
866.868 , 7599.49
872.959 , 8242.45
893.134 , 7523.71
777.494 , 6605.73
845.951 , 8208.31
878.322 , 8203.17
861.557 , 6885.63
849.238 , 7409.68
899.369 , 8065.24
863.245 , 7811
860.301 , 8575.8
897.235 , 7409.66
841.87 , 7460.9
843.717 , 7841.76
870.906 , 7678.49
877.477 , 7740.59
866.48 , 7465.41
892.26 , 7648.7
852.198 , 8294.02
909.135 , 8431.37
850.521 , 7386.21
855.526 , 7977.77
895.252 , 8092.4
909.445 , 8359.93
884.403 , 7142.8
882.823 , 7326.49
893.95 , 7817.05
885.206 , 6999.03
902.634 , 8602.29
875.135 , 8851.08
868.193 , 7994.89
902.359 , 7655.84
917.559 , 8201.98
838.975 , 7779.01
874.065 , 7994.6
908.804 , 7930.89
887.475 , 8379.7
852.528 , 8421.18
874.403 , 8296.96
865.866 , 8673.61
882.679 , 8647.43
765.751 , 6759.83
884.501 , 8502.18
851.881 , 7397.96
829.154 , 8232.1
879.734 , 8364.48
869.166 , 7856.8
887.62 , 8416.34
840.506 , 7481.54
887.67 , 8826.43
880.598 , 7701.4
849.184 , 8289.25
881.412 , 7770.27
883.641 , 7502.07
876.921 , 8418.39
896.2 , 7707.58
890.352 , 7563.04
841.89 , 8426.68
848.552 , 7135.05
867.875 , 7992.58
880.391 , 7828.41
886.922 , 7814.72
898.658 , 8571.84
914.751 , 8015.61
862.616 , 8023.5
865.008 , 7947
859.61 , 8333.11
819.199 , 7250.45
831.449 , 8051.72
875.726 , 8375.59
886.595 , 8669.07
883.101 , 8581.09
867.226 , 8568.06
860.749 , 8413.93
880.726 , 7707.19
809.701 , 8151.49
863.803 , 7741.25
867.651 , 8317.1
874.48 , 7415.56
808.1 , 7170.39
807.738 , 7418.55
814.312 , 7277.01
890.342 , 7740.43
817.735 , 7874.62
912.127 , 8015.52
861.238 , 8040.33
893.705 , 7870.01
859.029 , 8638.9
873.598 , 7424.37
850.754 , 8080.78
867.138 , 8654.14
913.328 , 8054.37
863.726 , 7944.28
865.195 , 7972.15
881.27 , 7699.93
865.446 , 7349.28
917.575 , 7626.06
841.566 , 8137.07
856.143 , 8133.56
852.865 , 8143.03
894.525 , 8800.1
876.941 , 7322.25
854.077 , 8374.76
896.984 , 8214.44
861.52 , 8454.41
878.46 , 7902.2
858.555 , 8169.32
841.729 , 6881.3
904.674 , 7941.84
833.598 , 7092.11
863.747 , 7884.12
619.292 , 5808.23
866.185 , 8842.24
873.634 , 8724.79
910.057 , 7601.77
876.666 , 7896.66
905.93 , 7634.84
890.557 , 7971.53
855.586 , 7736.7
903.021 , 9090.48
843.56 , 8555.93
863.29 , 7549.94
851.922 , 7392.01
854.369 , 7412.84
876.527 , 8484.42
878.3 , 7953.85
860.142 , 8011.13
888.817 , 8110.95
837.628 , 7731.82
861.21 , 8472.66
835.887 , 8541.41
883.977 , 7926.32
860.855 , 8238.11
919.228 , 7783.75
854.9 , 8159.87
858.512 , 8296.24
863.12 , 8276.35
883.221 , 8071.18
803.133 , 7754.89
883.488 , 8112.09
896.399 , 8386.86
892.309 , 8850.07
855.045 , 8711.98
847.982 , 8140.25
902.228 , 7808.04
844.428 , 7536.39
834.524 , 7260.63
880.394 , 7443.6
848.982 , 7670.46
869.178 , 7943.89
888.883 , 7674.11
901.59 , 7347.87
864.895 , 7791.27
853.679 , 7433.81
819.409 , 7720.49
860.554 , 8276.19
901.704 , 8146.15
861.695 , 7752.63
810.989 , 7260.19
887.502 , 7807.37
861.945 , 7827.53
859.016 , 7512.08
903.465 , 7340.2
858.913 , 8345.21
921.579 , 8678.47
860.47 , 7859.41
892.912 , 7809.07
809.994 , 7416.89
901.827 , 7797.35
877.549 , 9136.64
902.923 , 8290.31
878.367 , 7618.91
849.233 , 8185.26
813.805 , 7543.25
852.373 , 7993.78
862.24 , 8014.72
840.368 , 8305.8
857.617 , 7990.9
893.83 , 9100.47
856.36 , 8186.73
874.688 , 8553.59
898.152 , 7995.9
876.388 , 8323.39
869.274 , 7056.17
926.448 , 7907.47
841.385 , 8158.75
883.047 , 7091.53
842.973 , 7855.7
793.393 , 7059.02
871.249 , 8216.37
892.677 , 8486.43
915.959 , 8466.56
873.367 , 8700.63
818.081 , 8339.8
898.552 , 9010.32
830.796 , 7110.11
785.006 , 8007.82
876.43 , 7757.88
860.007 , 8029.3
873.947 , 8896.69
850.431 , 8300.4
883.761 , 8115.05
844.397 , 7854.16
880.092 , 7861.44
857.343 , 7814.33
824.649 , 7306.78
848.07 , 8192.9
875.005 , 8214.84
900.761 , 8067.3
865.79 , 7832.87
902.318 , 7770.38
904.995 , 8598.15
881.501 , 8939.51
857.557 , 7485.98
871.69 , 8413.71
900.612 , 7463.72
853.184 , 7997.31
879.735 , 8213.76
798.719 , 6913.65
848.806 , 7980.38
906.687 , 8284.46
855.487 , 7655.67
889.353 , 8370.84
896.769 , 8085.55
829.987 , 7230.27
897.748 , 8485.66
888.333 , 7921.94
908.006 , 8280.6
848.349 , 7595.41
895.037 , 7303.68
896.629 , 7623.15
861.365 , 7611.98
876.038 , 7850.68
870.244 , 8405.79
854.74 , 8705.01
888.5 , 7765.15
881.382 , 8053.33
868.29 , 8175.6
862.676 , 8283.31
847.072 , 7823.52
855.322 , 7727.49
861.299 , 8639.85
888.37 , 7916.46
868.641 , 7939.01
869.844 , 7731.93
850.19 , 7823.96
881.297 , 7684.61
876.314 , 7616.31
827.775 , 7203.33
892.793 , 8477.3
874.644 , 7850.2
903.705 , 8047.4
821.637 , 7774.93
869.353 , 7672.03
888.964 , 8062.5
913.541 , 8419.67
860.677 , 8064.78
835.202 , 7622.05
884.212 , 7786.99
879.205 , 7595.32
877.65 , 8115.79
810.672 , 7420.77
886.567 , 8488.77
821.323 , 7810.32
902.489 , 7842.68
846.467 , 7660.67
894.654 , 9409.37
887.581 , 8273.8
890.308 , 8763.58
913.241 , 7611.97
787.27 , 8040.7
891.156 , 8592.35
904.554 , 7606.7
869.65 , 7295.48
832.287 , 7216.04
857.531 , 7502.33
854.522 , 8168.39
870.479 , 8033.56
844.512 , 8022.6
864.957 , 8706.71
837.253 , 7844.94
837.445 , 8341.55
882.569 , 7765.17
893.719 , 8629.59
878.706 , 8304.56
904.402 , 8791.7
868.243 , 8295.09
898.07 , 7675.56
916.402 , 7289.42
870.778 , 7861.68
858.307 , 8055.8
855.215 , 8043.03
815.337 , 7199.91
905.331 , 8397.17
844.869 , 8548.72
904.157 , 8738.59
897.625 , 7746.77
858.332 , 8166.71
854.27 , 8111.54
856.466 , 7292.95
860.389 , 8392.57
826.741 , 7782.95
790.578 , 7626.11
823.791 , 8365.13
887.561 , 9044.99
903.938 , 8482.89
899.802 , 8617.11
844.666 , 7838.27
866.525 , 7851.33
862.144 , 7711.23
890.809 , 7389.37
880.247 , 8419.12
649.434 , 6027.72
909.369 , 7498.68
881.326 , 7435.62
861.266 , 8220.19
894.11 , 8040.86
864.911 , 7631.72
867.025 , 8507.68
858.345 , 8021.66
876.236 , 8535.46
876.797 , 8116
855.126 , 8036.83
852.573 , 8076.23
819.977 , 7587.71
886.972 , 8192.43
897.835 , 8081.28
839.619 , 7830.75
869.096 , 8583.92
876.131 , 8911.69
905.578 , 8004.81
811.54 , 8204.24
903.048 , 7771.73
867.07 , 8223.07
882.812 , 7915.45
835.281 , 8738.04
877.291 , 7957.33
844.058 , 7228.7
810.056 , 6751.73
898.635 , 8009.48
908.022 , 7020.12
905.797 , 8306.92
887.773 , 8663.15
876.407 , 7936.57
870.738 , 8054.18
885.805 , 9206.1
495.803 , 3567.13
904.641 , 8455.84
887.786 , 7888.76
835.141 , 8374.06
860.831 , 8212.09
899.681 , 7931.2
878.06 , 7240.92
864.198 , 7919.71
868.064 , 7425.96
887.317 , 7989.55
864.327 , 8099.73
875.977 , 7935.78
885.472 , 8747.14
855.115 , 8784.74
870.264 , 8044.6
909.615 , 8857.96
890.739 , 8639.66
876.219 , 7609.2
890.33 , 8173.31
904.948 , 7346.89
856.695 , 8477.97
780.777 , 7579.48
907.87 , 7536.62
809.24 , 8696.31
878.53 , 7852.84
889.833 , 8306.57
894.797 , 9064.89
855.561 , 7288.69
838.126 , 8374.93
890.842 , 8383.5
840.621 , 7392.12
901.302 , 8423.24
846.307 , 7448.54
851.749 , 7852.57
836.047 , 8373.1
870.347 , 7731.37
862.167 , 8256.49
864.795 , 7780.41
869.004 , 7825.74
863.636 , 7324.4
848.411 , 8155.41
847.331 , 7898.56
903.926 , 8194.38
827.426 , 8472.9
874.508 , 7393.47
846.021 , 7712.73
891.479 , 7682.12
862.908 , 7479.06
872.984 , 7507.13
803.807 , 7435.32
888.959 , 7832.92
851.246 , 8753.17
875.193 , 8843.74
809.954 , 8437.95
868.359 , 8212.64
851.306 , 8067.41
868.502 , 8497.83
908.338 , 7589.27
836.296 , 9287.72
867.809 , 8186.78
911.803 , 7992.69
882.264 , 7654.78
894.335 , 8386.36
849.373 , 8040.89
833.871 , 8986.2
864.015 , 7915.58
867.783 , 7327.89
911.193 , 8012.13
883.085 , 8698.79
885.009 , 7464.74
899.673 , 7764.99
816.778 , 7743.69
900.937 , 7922.47
828.289 , 8211.51
855.923 , 7745.89
297.11 , 3464.81
880.729 , 7829.97
908.333 , 8246.04
877.043 , 7666.98
850.296 , 7556.44
873.072 , 8191.61
883.932 , 7913.99
856.478 , 8036.77
908.872 , 8567.07
917.373 , 7232.4
874.438 , 7721.82
848.408 , 7909.24
808.122 , 7582.76
887.237 , 8462.74
884.169 , 7485.68
891.339 , 8203.63
870.128 , 8327.39
901.698 , 8238.49
803.137 , 7156.22
826.123 , 7813.82
909.169 , 7821.9
816.245 , 8776.77
862.832 , 8049.86
826.927 , 7165.57
885.157 , 8223.96
873.128 , 7818.6
906.592 , 7730.33
890.036 , 8607.88
858.121 , 7228.76
840.438 , 7992.64
865.129 , 7144.33
896.022 , 7487.77
828.714 , 7046.58
868.651 , 7692.8
897.255 , 9010.59
907.919 , 6910.42
901.79 , 7872.66
883.701 , 8174.56
876.28 , 7698.15
885.049 , 8318.75
877.804 , 8257.38
884.934 , 7886.24
876.861 , 7936.05
878.096 , 7709.78
837.223 , 7994.56
852.597 , 7296.28
856.442 , 7529.69
909.22 , 7807.41
914.779 , 8539.38
868.484 , 7957.27
889.029 , 8101.03
870.444 , 8852.02
846.908 , 7308.64
878.956 , 7954.1
904.226 , 7829.32
775.915 , 7234.54
827.724 , 7855.26
912.691 , 7808.43
870.517 , 7302.25
845.829 , 7711.72
884.348 , 7922
844.968 , 8535.12
865.446 , 8257.33
904.878 , 7680.33
883.576 , 7869.94
858.048 , 7758.94
857.26 , 7240.24
843.584 , 7609.6
902.977 , 8190.21
872.785 , 7896.87
837.196 , 7972.99
835.572 , 8520.16
537.92 , 5158.22
903.469 , 7814.38
883.054 , 8225.3
882.385 , 8120.1
895.505 , 8002.07
878.98 , 7967.53
846.83 , 7997.05
886.816 , 7596.46
853.83 , 7637.89
867.516 , 8283.64
807.429 , 6429.61
910.21 , 9230.19
878.741 , 7917.8
889.532 , 8231
911.186 , 7882.24
892.024 , 8354.67
840.87 , 7764.59
873.186 , 8336.64
906.344 , 8200.91
908.017 , 8154.1
824.146 , 7703.97
864.218 , 7152
879.956 , 8280.45
836.544 , 8267.48
907.675 , 7822.59
828.889 , 6921.59
863.585 , 7579.5
846.479 , 7106.5
912.587 , 7369.74
891.842 , 8161.45
878.334 , 8174.93
890.212 , 7627.79
874.427 , 8174.09
864.18 , 8069.8
902.062 , 7785.65
878.926 , 7556.65
856.67 , 8275.7
830.274 , 8152.78
861.119 , 7868.16
888.162 , 7785.84
874.002 , 8027.01
885.425 , 8568.75
871.243 , 8191.72
895.769 , 8056.5
858.058 , 7999.11
858.908 , 8261.73
888.885 , 7800.11
864.217 , 7640.21
871.308 , 8218.87
898.103 , 8508.31
836.751 , 7276.46
903.259 , 8108.45
890.687 , 7326.95
888.093 , 8688.3
815.012 , 7826.26
882.617 , 8350.7
879.06 , 7615.35
847.328 , 8245.14
882.168 , 7376.83
853.014 , 8239.9
866.728 , 9149.1
801.78 , 7026.69
857.803 , 8098.14
863.233 , 7605.98
835.087 , 7665.6
892.514 , 8580.93
869.573 , 8184.52
829.4 , 7673.99
859.159 , 7581.43
907.412 , 8442.34
851.599 , 7992.62
923.332 , 7971.61
849.889 , 8924.58
895.34 , 8298.51
872.79 , 7645.78
865.136 , 8597.36
844.843 , 8082.9
880.468 , 7693.58
897.464 , 7566.71
829.246 , 7802.22
883.083 , 8821.02
887.056 , 8955.91
901.133 , 8317.6
859.992 , 7319.52
819.438 , 7520.61
900.905 , 7073.49
852.783 , 7862.09
903.948 , 8358.18
912.238 , 8026.45
888.56 , 8248.14
901.193 , 8230.86
874.005 , 7032.48
872.99 , 8024.55
885.114 , 8030.63
896.351 , 8005.24
867.47 , 8010.87
893.521 , 8200.76
891.395 , 8114.28
863.64 , 8423.62
919.701 , 7698.38
877.851 , 8755.02
861.245 , 7556.76
846.927 , 7696.76
870.25 , 7835.89
852.534 , 8144.95
727.109 , 6437.32
914.667 , 7772.09
857.054 , 7114.71
852.444 , 7673.33
884.212 , 8340.2
867.325 , 7967.1
848.731 , 7389.43
821.4 , 8019.37
894.224 , 7900.09
882.003 , 8417.75
850.48 , 7445.9
920.434 , 7999.69
859.386 , 7386.37
899.845 , 8313.54
854.098 , 7828.74
901.009 , 8255.51
893.552 , 8434.46
880.159 , 8771.26
872.618 , 7301.18
925.744 , 8176.81
873.361 , 7812.52
879.049 , 8467.28
852.549 , 7672.35
871.015 , 7982.01
892.922 , 8880.16
837.818 , 8249.54
882.125 , 7419.01
857.888 , 8260.62
850.506 , 7293.47
850.811 , 7363.29
868.107 , 7710.06
909.231 , 8157.28
824.574 , 7065.76
922.544 , 7465.89
861.488 , 8343.76
895.394 , 8606.1
822.557 , 7062.42
848.021 , 8297.76
812.54 , 7451.5
922.051 , 8206.76
879.167 , 7841.75
882.84 , 8175.62
915.541 , 8110.64
838.673 , 7758.42
892.643 , 8197.41
878.411 , 7993.03
840.572 , 8065.16
878.567 , 8123.05
